index,season,episode,episode_num,rank,missc,contestant,outcome,eliminated,participant,minichalw,finale,penultimate
1,S01,1,S01E1,1,0,BeBe Zahara Benet,SAFE,0,1,0,0,0
2,S01,1,S01E1,2,1,Nina Flowers,WIN,0,1,0,0,0
3,S01,1,S01E1,3,0,Rebecca Glasscock,LOW,0,1,0,0,0
4,S01,1,S01E1,4,0,Shannel,SAFE,0,1,0,0,0
5,S01,1,S01E1,5,0,Ongina,HIGH,0,1,0,0,0
6,S01,1,S01E1,6,0,Jade,SAFE,0,1,0,0,0
7,S01,1,S01E1,7,0,Akashia,BTM,0,1,0,0,0
8,S01,1,S01E1,8,0,Tammie Brown,SAFE,0,1,0,0,0
9,S01,1,S01E1,9,0,Victoria (Porkchop) Parker,BTM,1,1,0,0,0
10,S01,2,S01E2,1,0,BeBe Zahara Benet,SAFE,0,1,0,0,0
11,S01,2,S01E2,2,1,Nina Flowers,SAFE,0,1,0,0,0
12,S01,2,S01E2,3,0,Rebecca Glasscock,SAFE,0,1,0,0,0
13,S01,2,S01E2,4,0,Shannel,SAFE,0,1,0,0,0
14,S01,2,S01E2,5,0,Ongina,WIN,0,1,0,0,0
15,S01,2,S01E2,6,0,Jade,SAFE,0,1,0,0,0
16,S01,2,S01E2,7,0,Akashia,BTM,0,1,0,0,0
17,S01,2,S01E2,8,0,Tammie Brown,BTM,1,1,0,0,0
18,S01,2,S01E2,9,0,Victoria (Porkchop) Parker,NA,NA,0,NA,0,0
19,S01,3,S01E3,1,0,BeBe Zahara Benet,WIN,0,1,0,0,0
20,S01,3,S01E3,2,1,Nina Flowers,HIGH,0,1,0,0,0
21,S01,3,S01E3,3,0,Rebecca Glasscock,HIGH,0,1,0,0,0
22,S01,3,S01E3,4,0,Shannel,BTM,0,1,0,0,0
23,S01,3,S01E3,5,0,Ongina,HIGH,0,1,0,0,0
24,S01,3,S01E3,6,0,Jade,LOW,0,1,0,0,0
25,S01,3,S01E3,7,0,Akashia,BTM,1,1,0,0,0
26,S01,3,S01E3,8,0,Tammie Brown,NA,NA,0,NA,0,0
27,S01,3,S01E3,9,0,Victoria (Porkchop) Parker,NA,NA,0,NA,0,0
28,S01,4,S01E4,1,0,BeBe Zahara Benet,HIGH,0,1,0,0,0
29,S01,4,S01E4,2,1,Nina Flowers,HIGH,0,1,0,0,0
30,S01,4,S01E4,3,0,Rebecca Glasscock,BTM,0,1,0,0,0
31,S01,4,S01E4,4,0,Shannel,LOW,0,1,0,0,0
32,S01,4,S01E4,5,0,Ongina,WIN,0,1,0,0,0
33,S01,4,S01E4,6,0,Jade,BTM,0,1,1,0,0
34,S01,4,S01E4,7,0,Akashia,NA,NA,0,NA,0,0
35,S01,4,S01E4,8,0,Tammie Brown,NA,NA,0,NA,0,0
36,S01,4,S01E4,9,0,Victoria (Porkchop) Parker,NA,NA,0,NA,0,0
37,S01,5,S01E5,1,0,BeBe Zahara Benet,BTM,0,1,0,0,0
38,S01,5,S01E5,2,1,Nina Flowers,LOW,0,1,0,0,0
39,S01,5,S01E5,3,0,Rebecca Glasscock,WIN,0,1,1,0,0
40,S01,5,S01E5,4,0,Shannel,HIGH,0,1,0,0,0
41,S01,5,S01E5,5,0,Ongina,BTM,1,1,0,0,0
42,S01,5,S01E5,6,0,Jade,NA,NA,0,NA,0,0
43,S01,5,S01E5,7,0,Akashia,NA,NA,0,NA,0,0
44,S01,5,S01E5,8,0,Tammie Brown,NA,NA,0,NA,0,0
45,S01,5,S01E5,9,0,Victoria (Porkchop) Parker,NA,NA,0,NA,0,0
46,S01,6,S01E6,1,0,BeBe Zahara Benet,WIN,0,1,0,0,0
47,S01,6,S01E6,2,1,Nina Flowers,HIGH,0,1,1,0,0
48,S01,6,S01E6,3,0,Rebecca Glasscock,BTM,0,1,0,0,0
49,S01,6,S01E6,4,0,Shannel,BTM,1,1,0,0,0
50,S01,6,S01E6,5,0,Ongina,NA,NA,0,NA,0,0
51,S01,6,S01E6,6,0,Jade,NA,NA,0,NA,0,0
52,S01,6,S01E6,7,0,Akashia,NA,NA,0,NA,0,0
53,S01,6,S01E6,8,0,Tammie Brown,NA,NA,0,NA,0,0
54,S01,6,S01E6,9,0,Victoria (Porkchop) Parker,NA,NA,0,NA,0,0
55,S01,8,S01E8,1,0,BeBe Zahara Benet,WIN,0,1,0,1,0
56,S01,8,S01E8,2,1,Nina Flowers,HIGH,0,1,0,1,0
57,S01,8,S01E8,3,0,Rebecca Glasscock,BTM,1,1,0,1,0
58,S01,8,S01E8,4,0,Shannel,NA,NA,0,NA,1,0
59,S01,8,S01E8,5,0,Ongina,NA,NA,0,NA,1,0
60,S01,8,S01E8,6,0,Jade,NA,NA,0,NA,1,0
61,S01,8,S01E8,7,0,Akashia,NA,NA,0,NA,1,0
62,S01,8,S01E8,8,0,Tammie Brown,NA,NA,0,NA,1,0
63,S01,8,S01E8,9,0,Victoria (Porkchop) Parker,NA,NA,0,NA,1,0
64,S02,1,S02E1,1,0,Tyra Sanchez,HIGH,0,1,0,0,0
65,S02,1,S02E1,2,0,Raven,SAFE,0,1,1,0,0
66,S02,1,S02E1,3,0,Jujubee,SAFE,0,1,0,0,0
67,S02,1,S02E1,4,0,Tatianna,SAFE,0,1,0,0,0
68,S02,1,S02E1,5,1,Pandora Boxx,HIGH,0,1,0,0,0
69,S02,1,S02E1,6,0,Jessica Wild,SAFE,0,1,0,0,0
70,S02,1,S02E1,7,0,Sahara Davenport,BTM,0,1,0,0,0
71,S02,1,S02E1,8,0,Morgan McMichaels,WIN,0,1,0,0,0
72,S02,1,S02E1,9,0,Sonique,SAFE,0,1,0,0,0
73,S02,1,S02E1,10,0,Mystique Summers Madison,LOW,0,1,0,0,0
74,S02,1,S02E1,11,0,Nicole Paige Brooks,SAFE,0,1,0,0,0
75,S02,1,S02E1,12,0,Shangela,BTM,1,1,0,0,0
76,S02,2,S02E2,1,0,Tyra Sanchez,SAFE,0,1,0,0,0
77,S02,2,S02E2,2,0,Raven,BTM,0,1,0,0,0
78,S02,2,S02E2,3,0,Jujubee,SAFE,0,1,0,0,0
79,S02,2,S02E2,4,0,Tatianna,SAFE,0,1,0,0,0
80,S02,2,S02E2,5,1,Pandora Boxx,SAFE,0,1,0,0,0
81,S02,2,S02E2,6,0,Jessica Wild,SAFE,0,1,0,0,0
82,S02,2,S02E2,7,0,Sahara Davenport,WIN,0,1,0,0,0
83,S02,2,S02E2,8,0,Morgan McMichaels,SAFE,0,1,0,0,0
84,S02,2,S02E2,9,0,Sonique,LOW,0,1,0,0,0
85,S02,2,S02E2,10,0,Mystique Summers Madison,SAFE,0,1,0,0,0
86,S02,2,S02E2,11,0,Nicole Paige Brooks,BTM,1,1,0,0,0
87,S02,2,S02E2,12,0,Shangela,NA,NA,0,NA,0,0
88,S02,3,S02E3,1,0,Tyra Sanchez,WIN,0,1,0,0,0
89,S02,3,S02E3,2,0,Raven,BTM,0,1,0,0,0
90,S02,3,S02E3,3,0,Jujubee,SAFE,0,1,0,0,0
91,S02,3,S02E3,4,0,Tatianna,SAFE,0,1,0,0,0
92,S02,3,S02E3,5,1,Pandora Boxx,HIGH,0,1,0,0,0
93,S02,3,S02E3,6,0,Jessica Wild,HIGH,0,1,0,0,0
94,S02,3,S02E3,7,0,Sahara Davenport,SAFE,0,1,0,0,0
95,S02,3,S02E3,8,0,Morgan McMichaels,SAFE,0,1,0,0,0
96,S02,3,S02E3,9,0,Sonique,SAFE,0,1,0,0,0
97,S02,3,S02E3,10,0,Mystique Summers Madison,BTM,0,1,0,0,0
98,S02,3,S02E3,11,0,Nicole Paige Brooks,NA,NA,0,NA,0,0
99,S02,3,S02E3,12,0,Shangela,NA,NA,0,NA,0,0
100,S02,4,S02E4,1,0,Tyra Sanchez,SAFE,0,1,0,0,0
101,S02,4,S02E4,2,0,Raven,SAFE,0,1,1,0,0
102,S02,4,S02E4,3,0,Jujubee,LOW,0,1,0,0,0
103,S02,4,S02E4,4,0,Tatianna,WIN,0,1,0,0,0
104,S02,4,S02E4,5,1,Pandora Boxx,HIGH,0,1,0,0,0
105,S02,4,S02E4,6,0,Jessica Wild,SAFE,0,1,0,0,0
106,S02,4,S02E4,7,0,Sahara Davenport,SAFE,0,1,0,0,0
107,S02,4,S02E4,8,0,Morgan McMichaels,BTM,0,1,0,0,0
108,S02,4,S02E4,9,0,Sonique,BTM,1,1,0,0,0
109,S02,4,S02E4,10,0,Mystique Summers Madison,NA,NA,0,NA,0,0
110,S02,4,S02E4,11,0,Nicole Paige Brooks,NA,NA,0,NA,0,0
111,S02,4,S02E4,12,0,Shangela,NA,NA,0,NA,0,0
112,S02,5,S02E5,1,0,Tyra Sanchez,WIN,0,1,0,0,0
113,S02,5,S02E5,2,0,Raven,HIGH,0,1,1,0,0
114,S02,5,S02E5,3,0,Jujubee,HIGH,0,1,0,0,0
115,S02,5,S02E5,4,0,Tatianna,LOW,0,1,0,0,0
116,S02,5,S02E5,5,1,Pandora Boxx,SAFE,0,1,0,0,0
117,S02,5,S02E5,6,0,Jessica Wild,HIGH,0,1,0,0,0
118,S02,5,S02E5,7,0,Sahara Davenport,BTM,0,1,0,0,0
119,S02,5,S02E5,8,0,Morgan McMichaels,BTM,1,1,0,0,0
120,S02,5,S02E5,9,0,Sonique,NA,NA,0,NA,0,0
121,S02,5,S02E5,10,0,Mystique Summers Madison,NA,NA,0,NA,0,0
122,S02,5,S02E5,11,0,Nicole Paige Brooks,NA,NA,0,NA,0,0
123,S02,5,S02E5,12,0,Shangela,NA,NA,0,NA,0,0
124,S02,6,S02E6,1,0,Tyra Sanchez,LOW,0,1,0,0,0
125,S02,6,S02E6,2,0,Raven,HIGH,0,1,0,0,0
126,S02,6,S02E6,3,0,Jujubee,BTM,0,1,0,0,0
127,S02,6,S02E6,4,0,Tatianna,SAFE,0,1,0,0,0
128,S02,6,S02E6,5,1,Pandora Boxx,HIGH,0,1,1,0,0
129,S02,6,S02E6,6,0,Jessica Wild,WIN,0,1,0,0,0
130,S02,6,S02E6,7,0,Sahara Davenport,BTM,1,1,0,0,0
131,S02,6,S02E6,8,0,Morgan McMichaels,NA,NA,0,NA,0,0
132,S02,6,S02E6,9,0,Sonique,NA,NA,0,NA,0,0
133,S02,6,S02E6,10,0,Mystique Summers Madison,NA,NA,0,NA,0,0
134,S02,6,S02E6,11,0,Nicole Paige Brooks,NA,NA,0,NA,0,0
135,S02,6,S02E6,12,0,Shangela,NA,NA,0,NA,0,0
136,S02,7,S02E7,1,0,Tyra Sanchez,SAFE,0,1,0,0,0
137,S02,7,S02E7,2,0,Raven,WIN,0,1,0,0,0
138,S02,7,S02E7,3,0,Jujubee,HIGH,0,1,1,0,0
139,S02,7,S02E7,4,0,Tatianna,BTM,0,1,0,0,0
140,S02,7,S02E7,5,1,Pandora Boxx,LOW,0,1,0,0,0
141,S02,7,S02E7,6,0,Jessica Wild,BTM,1,1,0,0,0
142,S02,7,S02E7,7,0,Sahara Davenport,NA,NA,0,NA,0,0
143,S02,7,S02E7,8,0,Morgan McMichaels,NA,NA,0,NA,0,0
144,S02,7,S02E7,9,0,Sonique,NA,NA,0,NA,0,0
145,S02,7,S02E7,10,0,Mystique Summers Madison,NA,NA,0,NA,0,0
146,S02,7,S02E7,11,0,Nicole Paige Brooks,NA,NA,0,NA,0,0
147,S02,7,S02E7,12,0,Shangela,NA,NA,0,NA,0,0
148,S02,8,S02E8,1,0,Tyra Sanchez,HIGH,0,1,0,0,0
149,S02,8,S02E8,2,0,Raven,WIN,0,1,0,0,0
150,S02,8,S02E8,3,0,Jujubee,BTM,0,1,0,0,0
151,S02,8,S02E8,4,0,Tatianna,HIGH,0,1,1,0,0
152,S02,8,S02E8,5,1,Pandora Boxx,BTM,1,1,0,0,0
153,S02,8,S02E8,6,0,Jessica Wild,NA,NA,0,NA,0,0
154,S02,8,S02E8,7,0,Sahara Davenport,NA,NA,0,NA,0,0
155,S02,8,S02E8,8,0,Morgan McMichaels,NA,NA,0,NA,0,0
156,S02,8,S02E8,9,0,Sonique,NA,NA,0,NA,0,0
157,S02,8,S02E8,10,0,Mystique Summers Madison,NA,NA,0,NA,0,0
158,S02,8,S02E8,11,0,Nicole Paige Brooks,NA,NA,0,NA,0,0
159,S02,8,S02E8,12,0,Shangela,NA,NA,0,NA,0,0
160,S02,9,S02E9,1,0,Tyra Sanchez,WIN,0,1,1,0,0
161,S02,9,S02E9,2,0,Raven,HIGH,0,1,0,0,0
162,S02,9,S02E9,3,0,Jujubee,BTM,0,1,0,0,0
163,S02,9,S02E9,4,0,Tatianna,BTM,1,1,0,0,0
164,S02,9,S02E9,5,1,Pandora Boxx,NA,NA,0,NA,0,0
165,S02,9,S02E9,6,0,Jessica Wild,NA,NA,0,NA,0,0
166,S02,9,S02E9,7,0,Sahara Davenport,NA,NA,0,NA,0,0
167,S02,9,S02E9,8,0,Morgan McMichaels,NA,NA,0,NA,0,0
168,S02,9,S02E9,9,0,Sonique,NA,NA,0,NA,0,0
169,S02,9,S02E9,10,0,Mystique Summers Madison,NA,NA,0,NA,0,0
170,S02,9,S02E9,11,0,Nicole Paige Brooks,NA,NA,0,NA,0,0
171,S02,9,S02E9,12,0,Shangela,NA,NA,0,NA,0,0
172,S02,11,S02E11,1,0,Tyra Sanchez,WIN,0,1,0,1,0
173,S02,11,S02E11,2,0,Raven,HIGH,0,1,0,1,0
174,S02,11,S02E11,3,0,Jujubee,BTM,0,1,0,1,0
175,S02,11,S02E11,4,0,Tatianna,NA,NA,0,NA,1,0
176,S02,11,S02E11,5,1,Pandora Boxx,NA,NA,0,NA,1,0
177,S02,11,S02E11,6,0,Jessica Wild,NA,NA,0,NA,1,0
178,S02,11,S02E11,7,0,Sahara Davenport,NA,NA,0,NA,1,0
179,S02,11,S02E11,8,0,Morgan McMichaels,NA,NA,0,NA,1,0
180,S02,11,S02E11,9,0,Sonique,NA,NA,0,NA,1,0
181,S02,11,S02E11,10,0,Mystique Summers Madison,NA,NA,0,NA,1,0
182,S02,11,S02E11,11,0,Nicole Paige Brooks,NA,NA,0,NA,1,0
183,S02,11,S02E11,12,0,Shangela,NA,NA,0,NA,1,0
184,S03,2,S03E2,1,0,Raja,WIN,0,1,1,0,0
185,S03,2,S03E2,2,0,Manila Luzon,HIGH,0,1,0,0,0
186,S03,2,S03E2,3,0,Alexis Mateo,SAFE,0,1,0,0,0
187,S03,2,S03E2,4,1,Yara Sofia,SAFE,0,1,0,0,0
188,S03,2,S03E2,5,0,Carmen Carrera,LOW,0,1,0,0,0
189,S03,2,S03E2,6,0,Shangela,BTM,0,1,0,0,0
190,S03,2,S03E2,7,0,Delta Work,SAFE,0,1,0,0,0
191,S03,2,S03E2,8,0,Stacy Layne Matthews,SAFE,0,1,0,0,0
192,S03,2,S03E2,9,0,Mariah,SAFE,0,1,0,0,0
193,S03,2,S03E2,10,0,India Ferrah,SAFE,0,1,0,0,0
194,S03,2,S03E2,11,0,Mimi Imfurst,HIGH,0,1,0,0,0
195,S03,2,S03E2,12,0,Phoenix,SAFE,0,1,0,0,0
196,S03,2,S03E2,13,0,Venus D-Lite,BTM,1,1,0,0,0
197,S03,3,S03E3,1,0,Raja,SAFE,0,1,0,0,0
198,S03,3,S03E3,2,0,Manila Luzon,SAFE,0,1,0,0,0
199,S03,3,S03E3,3,0,Alexis Mateo,WIN,0,1,0,0,0
200,S03,3,S03E3,4,1,Yara Sofia,SAFE,0,1,0,0,0
201,S03,3,S03E3,5,0,Carmen Carrera,LOW,0,1,0,0,0
202,S03,3,S03E3,6,0,Shangela,WIN,0,1,0,0,0
203,S03,3,S03E3,7,0,Delta Work,BTM,0,1,0,0,0
204,S03,3,S03E3,8,0,Stacy Layne Matthews,SAFE,0,1,0,0,0
205,S03,3,S03E3,9,0,Mariah,SAFE,0,1,0,0,0
206,S03,3,S03E3,10,0,India Ferrah,SAFE,0,1,0,0,0
207,S03,3,S03E3,11,0,Mimi Imfurst,SAFE,0,1,0,0,0
208,S03,3,S03E3,12,0,Phoenix,BTM,0,1,0,0,0
209,S03,3,S03E3,13,0,Venus D-Lite,NA,NA,0,NA,0,0
210,S03,4,S03E4,1,0,Raja,SAFE,0,1,0,0,0
211,S03,4,S03E4,2,0,Manila Luzon,SAFE,0,1,0,0,0
212,S03,4,S03E4,3,0,Alexis Mateo,WIN,0,1,0,0,0
213,S03,4,S03E4,4,1,Yara Sofia,HIGH,0,1,0,0,0
214,S03,4,S03E4,5,0,Carmen Carrera,SAFE,0,1,0,0,0
215,S03,4,S03E4,6,0,Shangela,SAFE,0,1,0,0,0
216,S03,4,S03E4,7,0,Delta Work,SAFE,0,1,0,0,0
217,S03,4,S03E4,8,0,Stacy Layne Matthews,HIGH,0,1,0,0,0
218,S03,4,S03E4,9,0,Mariah,LOW,0,1,0,0,0
219,S03,4,S03E4,10,0,India Ferrah,BTM,0,1,0,0,0
220,S03,4,S03E4,11,0,Mimi Imfurst,BTM,1,1,0,0,0
221,S03,4,S03E4,12,0,Phoenix,NA,NA,0,NA,0,0
222,S03,4,S03E4,13,0,Venus D-Lite,NA,NA,0,NA,0,0
223,S03,5,S03E5,1,0,Raja,SAFE,0,1,0,0,0
224,S03,5,S03E5,2,0,Manila Luzon,WIN,0,1,0,0,0
225,S03,5,S03E5,3,0,Alexis Mateo,SAFE,0,1,0,0,0
226,S03,5,S03E5,4,1,Yara Sofia,SAFE,0,1,0,0,0
227,S03,5,S03E5,5,0,Carmen Carrera,SAFE,0,1,0,0,0
228,S03,5,S03E5,6,0,Shangela,HIGH,0,1,0,0,0
229,S03,5,S03E5,7,0,Delta Work,SAFE,0,1,0,0,0
230,S03,5,S03E5,8,0,Stacy Layne Matthews,BTM,0,1,0,0,0
231,S03,5,S03E5,9,0,Mariah,LOW,0,1,0,0,0
232,S03,5,S03E5,10,0,India Ferrah,BTM,1,1,0,0,0
233,S03,5,S03E5,11,0,Mimi Imfurst,NA,NA,0,NA,0,0
234,S03,5,S03E5,12,0,Phoenix,NA,NA,0,NA,0,0
235,S03,5,S03E5,13,0,Venus D-Lite,NA,NA,0,NA,0,0
236,S03,6,S03E6,1,0,Raja,HIGH,0,1,0,0,0
237,S03,6,S03E6,2,0,Manila Luzon,SAFE,0,1,0,0,0
238,S03,6,S03E6,3,0,Alexis Mateo,HIGH,0,1,0,0,0
239,S03,6,S03E6,4,1,Yara Sofia,LOW,0,1,0,0,0
240,S03,6,S03E6,5,0,Carmen Carrera,SAFE,0,1,0,0,0
241,S03,6,S03E6,6,0,Shangela,SAFE,0,1,0,0,0
242,S03,6,S03E6,7,0,Delta Work,BTM,0,1,0,0,0
243,S03,6,S03E6,8,0,Stacy Layne Matthews,WIN,0,1,0,0,0
244,S03,6,S03E6,9,0,Mariah,BTM,1,1,0,0,0
245,S03,6,S03E6,10,0,India Ferrah,NA,NA,0,NA,0,0
246,S03,6,S03E6,11,0,Mimi Imfurst,NA,NA,0,NA,0,0
247,S03,6,S03E6,12,0,Phoenix,NA,NA,0,NA,0,0
248,S03,6,S03E6,13,0,Venus D-Lite,NA,NA,0,NA,0,0
249,S03,7,S03E7,1,0,Raja,WIN,0,1,0,0,0
250,S03,7,S03E7,2,0,Manila Luzon,HIGH,0,1,0,0,0
251,S03,7,S03E7,3,0,Alexis Mateo,BTM,0,1,0,0,0
252,S03,7,S03E7,4,1,Yara Sofia,HIGH,0,1,0,0,0
253,S03,7,S03E7,5,0,Carmen Carrera,LOW,0,1,1,0,0
254,S03,7,S03E7,6,0,Shangela,LOW,0,1,0,0,0
255,S03,7,S03E7,7,0,Delta Work,HIGH,0,1,0,0,0
256,S03,7,S03E7,8,0,Stacy Layne Matthews,BTM,1,1,0,0,0
257,S03,7,S03E7,9,0,Mariah,NA,NA,0,NA,0,0
258,S03,7,S03E7,10,0,India Ferrah,NA,NA,0,NA,0,0
259,S03,7,S03E7,11,0,Mimi Imfurst,NA,NA,0,NA,0,0
260,S03,7,S03E7,12,0,Phoenix,NA,NA,0,NA,0,0
261,S03,7,S03E7,13,0,Venus D-Lite,NA,NA,0,NA,0,0
262,S03,8,S03E8,1,0,Raja,HIGH,0,1,0,0,0
263,S03,8,S03E8,2,0,Manila Luzon,BTM,0,1,0,0,0
264,S03,8,S03E8,3,0,Alexis Mateo,LOW,0,1,0,0,0
265,S03,8,S03E8,4,1,Yara Sofia,HIGH,0,1,0,0,0
266,S03,8,S03E8,5,0,Carmen Carrera,HIGH,0,1,0,0,0
267,S03,8,S03E8,6,0,Shangela,WIN,0,1,1,0,0
268,S03,8,S03E8,7,0,Delta Work,BTM,1,1,0,0,0
269,S03,8,S03E8,8,0,Stacy Layne Matthews,NA,NA,0,NA,0,0
270,S03,8,S03E8,9,0,Mariah,NA,NA,0,NA,0,0
271,S03,8,S03E8,10,0,India Ferrah,NA,NA,0,NA,0,0
272,S03,8,S03E8,11,0,Mimi Imfurst,NA,NA,0,NA,0,0
273,S03,8,S03E8,12,0,Phoenix,NA,NA,0,NA,0,0
274,S03,8,S03E8,13,0,Venus D-Lite,NA,NA,0,NA,0,0
275,S03,9,S03E9,1,0,Raja,LOW,0,1,0,0,0
276,S03,9,S03E9,2,0,Manila Luzon,LOW,0,1,1,0,0
277,S03,9,S03E9,3,0,Alexis Mateo,WIN,0,1,0,0,0
278,S03,9,S03E9,4,1,Yara Sofia,BTM,0,1,0,0,0
279,S03,9,S03E9,5,0,Carmen Carrera,BTM,0,1,0,0,0
280,S03,9,S03E9,6,0,Shangela,SAFE,0,1,0,0,0
281,S03,9,S03E9,7,0,Delta Work,NA,NA,0,NA,0,0
282,S03,9,S03E9,8,0,Stacy Layne Matthews,NA,NA,0,NA,0,0
283,S03,9,S03E9,9,0,Mariah,NA,NA,0,NA,0,0
284,S03,9,S03E9,10,0,India Ferrah,NA,NA,0,NA,0,0
285,S03,9,S03E9,11,0,Mimi Imfurst,NA,NA,0,NA,0,0
286,S03,9,S03E9,12,0,Phoenix,NA,NA,0,NA,0,0
287,S03,9,S03E9,13,0,Venus D-Lite,NA,NA,0,NA,0,0
288,S03,10,S03E10,1,0,Raja,WIN,0,1,0,0,0
289,S03,10,S03E10,2,0,Manila Luzon,HIGH,0,1,1,0,0
290,S03,10,S03E10,3,0,Alexis Mateo,LOW,0,1,0,0,0
291,S03,10,S03E10,4,1,Yara Sofia,HIGH,0,1,0,0,0
292,S03,10,S03E10,5,0,Carmen Carrera,BTM,1,1,0,0,0
293,S03,10,S03E10,6,0,Shangela,BTM,0,1,0,0,0
294,S03,10,S03E10,7,0,Delta Work,NA,NA,0,NA,0,0
295,S03,10,S03E10,8,0,Stacy Layne Matthews,NA,NA,0,NA,0,0
296,S03,10,S03E10,9,0,Mariah,NA,NA,0,NA,0,0
297,S03,10,S03E10,10,0,India Ferrah,NA,NA,0,NA,0,0
298,S03,10,S03E10,11,0,Mimi Imfurst,NA,NA,0,NA,0,0
299,S03,10,S03E10,12,0,Phoenix,NA,NA,0,NA,0,0
300,S03,10,S03E10,13,0,Venus D-Lite,NA,NA,0,NA,0,0
301,S03,11,S03E11,1,0,Raja,HIGH,0,1,1,0,0
302,S03,11,S03E11,2,0,Manila Luzon,HIGH,0,1,0,0,0
303,S03,11,S03E11,3,0,Alexis Mateo,BTM,0,1,0,0,0
304,S03,11,S03E11,4,1,Yara Sofia,WIN,0,1,0,0,0
305,S03,11,S03E11,5,0,Carmen Carrera,NA,NA,0,NA,0,0
306,S03,11,S03E11,6,0,Shangela,BTM,1,1,0,0,0
307,S03,11,S03E11,7,0,Delta Work,NA,NA,0,NA,0,0
308,S03,11,S03E11,8,0,Stacy Layne Matthews,NA,NA,0,NA,0,0
309,S03,11,S03E11,9,0,Mariah,NA,NA,0,NA,0,0
310,S03,11,S03E11,10,0,India Ferrah,NA,NA,0,NA,0,0
311,S03,11,S03E11,11,0,Mimi Imfurst,NA,NA,0,NA,0,0
312,S03,11,S03E11,12,0,Phoenix,NA,NA,0,NA,0,0
313,S03,11,S03E11,13,0,Venus D-Lite,NA,NA,0,NA,0,0
314,S03,12,S03E12,1,0,Raja,BTM,0,1,0,0,0
315,S03,12,S03E12,2,0,Manila Luzon,WIN,0,1,0,0,0
316,S03,12,S03E12,3,0,Alexis Mateo,HIGH,0,1,1,0,0
317,S03,12,S03E12,4,1,Yara Sofia,LOW,0,1,0,0,0
318,S03,12,S03E12,5,0,Carmen Carrera,BTM,1,1,0,0,0
319,S03,12,S03E12,6,0,Shangela,NA,NA,0,NA,0,0
320,S03,12,S03E12,7,0,Delta Work,NA,NA,0,NA,0,0
321,S03,12,S03E12,8,0,Stacy Layne Matthews,NA,NA,0,NA,0,0
322,S03,12,S03E12,9,0,Mariah,NA,NA,0,NA,0,0
323,S03,12,S03E12,10,0,India Ferrah,NA,NA,0,NA,0,0
324,S03,12,S03E12,11,0,Mimi Imfurst,NA,NA,0,NA,0,0
325,S03,12,S03E12,12,0,Phoenix,NA,NA,0,NA,0,0
326,S03,12,S03E12,13,0,Venus D-Lite,NA,NA,0,NA,0,0
327,S03,13,S03E13,1,0,Raja,HIGH,0,1,0,0,0
328,S03,13,S03E13,2,0,Manila Luzon,WIN,0,1,0,0,0
329,S03,13,S03E13,3,0,Alexis Mateo,BTM,0,1,0,0,0
330,S03,13,S03E13,4,1,Yara Sofia,BTM,0,1,1,0,0
331,S03,13,S03E13,5,0,Carmen Carrera,NA,NA,0,NA,0,0
332,S03,13,S03E13,6,0,Shangela,NA,NA,0,NA,0,0
333,S03,13,S03E13,7,0,Delta Work,NA,NA,0,NA,0,0
334,S03,13,S03E13,8,0,Stacy Layne Matthews,NA,NA,0,NA,0,0
335,S03,13,S03E13,9,0,Mariah,NA,NA,0,NA,0,0
336,S03,13,S03E13,10,0,India Ferrah,NA,NA,0,NA,0,0
337,S03,13,S03E13,11,0,Mimi Imfurst,NA,NA,0,NA,0,0
338,S03,13,S03E13,12,0,Phoenix,NA,NA,0,NA,0,0
339,S03,13,S03E13,13,0,Venus D-Lite,NA,NA,0,NA,0,0
340,S03,15,S03E15,1,0,Raja,WIN,0,1,0,1,0
341,S03,15,S03E15,2,0,Manila Luzon,HIGH,0,1,0,1,0
342,S03,15,S03E15,3,0,Alexis Mateo,BTM,1,1,0,1,0
343,S03,15,S03E15,4,1,Yara Sofia,NA,NA,0,NA,1,0
344,S03,15,S03E15,5,0,Carmen Carrera,NA,NA,0,NA,1,0
345,S03,15,S03E15,6,0,Shangela,NA,NA,0,NA,1,0
346,S03,15,S03E15,7,0,Delta Work,NA,NA,0,NA,1,0
347,S03,15,S03E15,8,0,Stacy Layne Matthews,NA,NA,0,NA,1,0
348,S03,15,S03E15,9,0,Mariah,NA,NA,0,NA,1,0
349,S03,15,S03E15,10,0,India Ferrah,NA,NA,0,NA,1,0
350,S03,15,S03E15,11,0,Mimi Imfurst,NA,NA,0,NA,1,0
351,S03,15,S03E15,12,0,Phoenix,NA,NA,0,NA,1,0
352,S03,15,S03E15,13,0,Venus D-Lite,NA,NA,0,NA,1,0
353,S04,1,S04E1,1,0,Sharon Needles,WIN,0,1,0,0,0
354,S04,1,S04E1,2,0,Chad Michaels,SAFE,0,1,0,0,0
355,S04,1,S04E1,2,0,Phi Phi O'Hara,SAFE,0,1,0,0,0
356,S04,1,S04E1,4,1,Latrice Royale,SAFE,0,1,0,0,0
357,S04,1,S04E1,5,0,Kenya Michaels,LOW,0,1,0,0,0
358,S04,1,S04E1,6,0,Dida Ritz,SAFE,0,1,0,0,0
359,S04,1,S04E1,7,0,Willam,SAFE,0,1,0,0,0
360,S04,1,S04E1,8,0,Jiggly Caliente,BTM,0,1,1,0,0
361,S04,1,S04E1,9,0,Milan,SAFE,0,1,0,0,0
362,S04,1,S04E1,10,0,Madame LaQueer,SAFE,0,1,0,0,0
363,S04,1,S04E1,11,0,The Princess,HIGH,0,1,0,0,0
364,S04,1,S04E1,12,0,Lashauwn Beyond,HIGH,0,1,0,0,0
365,S04,1,S04E1,13,0,Alisa Summers,BTM,1,1,0,0,0
366,S04,2,S04E2,1,0,Sharon Needles,SAFE,0,1,0,0,0
367,S04,2,S04E2,2,0,Chad Michaels,WIN,0,1,0,0,0
368,S04,2,S04E2,2,0,Phi Phi O'Hara,HIGH,0,1,0,0,0
369,S04,2,S04E2,4,1,Latrice Royale,HIGH,0,1,0,0,0
370,S04,2,S04E2,5,0,Kenya Michaels,HIGH,0,1,0,0,0
371,S04,2,S04E2,6,0,Dida Ritz,LOW,0,1,0,0,0
372,S04,2,S04E2,7,0,Willam,SAFE,0,1,0,0,0
373,S04,2,S04E2,8,0,Jiggly Caliente,SAFE,0,1,0,0,0
374,S04,2,S04E2,9,0,Milan,SAFE,0,1,0,0,0
375,S04,2,S04E2,10,0,Madame LaQueer,WIN,0,1,0,0,0
376,S04,2,S04E2,11,0,The Princess,BTM,0,1,0,0,0
377,S04,2,S04E2,12,0,Lashauwn Beyond,BTM,1,1,0,0,0
378,S04,2,S04E2,13,0,Alisa Summers,NA,NA,0,NA,0,0
379,S04,3,S04E3,1,0,Sharon Needles,WIN,0,1,0,0,0
380,S04,3,S04E3,2,0,Chad Michaels,HIGH,0,1,0,0,0
381,S04,3,S04E3,2,0,Phi Phi O'Hara,SAFE,0,1,0,0,0
382,S04,3,S04E3,4,1,Latrice Royale,SAFE,0,1,0,0,0
383,S04,3,S04E3,5,0,Kenya Michaels,HIGH,0,1,0,0,0
384,S04,3,S04E3,6,0,Dida Ritz,BTM,0,1,0,0,0
385,S04,3,S04E3,7,0,Willam,SAFE,0,1,0,0,0
386,S04,3,S04E3,8,0,Jiggly Caliente,SAFE,0,1,1,0,0
387,S04,3,S04E3,9,0,Milan,SAFE,0,1,0,0,0
388,S04,3,S04E3,10,0,Madame LaQueer,LOW,0,1,0,0,0
389,S04,3,S04E3,11,0,The Princess,BTM,1,1,0,0,0
390,S04,3,S04E3,12,0,Lashauwn Beyond,NA,NA,0,NA,0,0
391,S04,3,S04E3,13,0,Alisa Summers,NA,NA,0,NA,0,0
392,S04,4,S04E4,1,0,Sharon Needles,SAFE,0,1,0,0,0
393,S04,4,S04E4,2,0,Chad Michaels,SAFE,0,1,0,0,0
394,S04,4,S04E4,2,0,Phi Phi O'Hara,SAFE,0,1,0,0,0
395,S04,4,S04E4,4,1,Latrice Royale,WIN,0,1,0,0,0
396,S04,4,S04E4,5,0,Kenya Michaels,LOW,0,1,0,0,0
397,S04,4,S04E4,6,0,Dida Ritz,SAFE,0,1,0,0,0
398,S04,4,S04E4,7,0,Willam,SAFE,0,1,0,0,0
399,S04,4,S04E4,8,0,Jiggly Caliente,SAFE,0,1,0,0,0
400,S04,4,S04E4,9,0,Milan,BTM,0,1,0,0,0
401,S04,4,S04E4,10,0,Madame LaQueer,BTM,0,1,0,0,0
402,S04,4,S04E4,11,0,The Princess,NA,NA,0,NA,0,0
403,S04,4,S04E4,12,0,Lashauwn Beyond,NA,NA,0,NA,0,0
404,S04,4,S04E4,13,0,Alisa Summers,NA,NA,0,NA,0,0
405,S04,5,S04E5,1,0,Sharon Needles,HIGH,0,1,0,0,0
406,S04,5,S04E5,2,0,Chad Michaels,WIN,0,1,0,0,0
407,S04,5,S04E5,2,0,Phi Phi O'Hara,LOW,0,1,1,0,0
408,S04,5,S04E5,4,1,Latrice Royale,SAFE,0,1,0,0,0
409,S04,5,S04E5,5,0,Kenya Michaels,BTM,1,1,0,0,0
410,S04,5,S04E5,6,0,Dida Ritz,SAFE,0,1,0,0,0
411,S04,5,S04E5,7,0,Willam,HIGH,0,1,0,0,0
412,S04,5,S04E5,8,0,Jiggly Caliente,SAFE,0,1,0,0,0
413,S04,5,S04E5,9,0,Milan,BTM,0,1,0,0,0
414,S04,5,S04E5,10,0,Madame LaQueer,NA,NA,0,NA,0,0
415,S04,5,S04E5,11,0,The Princess,NA,NA,0,NA,0,0
416,S04,5,S04E5,12,0,Lashauwn Beyond,NA,NA,0,NA,0,0
417,S04,5,S04E5,13,0,Alisa Summers,NA,NA,0,NA,0,0
418,S04,6,S04E6,1,0,Sharon Needles,SAFE,0,1,0,0,0
419,S04,6,S04E6,2,0,Chad Michaels,SAFE,0,1,0,0,0
420,S04,6,S04E6,2,0,Phi Phi O'Hara,HIGH,0,1,0,0,0
421,S04,6,S04E6,4,1,Latrice Royale,HIGH,0,1,0,0,0
422,S04,6,S04E6,5,0,Kenya Michaels,NA,NA,0,NA,0,0
423,S04,6,S04E6,6,0,Dida Ritz,LOW,0,1,0,0,0
424,S04,6,S04E6,7,0,Willam,WIN,0,1,1,0,0
425,S04,6,S04E6,8,0,Jiggly Caliente,BTM,0,1,0,0,0
426,S04,6,S04E6,9,0,Milan,BTM,1,1,0,0,0
427,S04,6,S04E6,10,0,Madame LaQueer,NA,NA,0,NA,0,0
428,S04,6,S04E6,11,0,The Princess,NA,NA,0,NA,0,0
429,S04,6,S04E6,12,0,Lashauwn Beyond,NA,NA,0,NA,0,0
430,S04,6,S04E6,13,0,Alisa Summers,NA,NA,0,NA,0,0
431,S04,7,S04E7,1,0,Sharon Needles,HIGH,0,1,0,0,0
432,S04,7,S04E7,2,0,Chad Michaels,LOW,0,1,0,0,0
433,S04,7,S04E7,2,0,Phi Phi O'Hara,WIN,0,1,0,0,0
434,S04,7,S04E7,4,1,Latrice Royale,LOW,0,1,1,0,0
435,S04,7,S04E7,5,0,Kenya Michaels,NA,NA,0,NA,0,0
436,S04,7,S04E7,6,0,Dida Ritz,SAFE,0,1,0,0,0
437,S04,7,S04E7,7,0,Willam,BTM,0,1,0,0,0
438,S04,7,S04E7,8,0,Jiggly Caliente,BTM,1,1,0,0,0
439,S04,7,S04E7,9,0,Milan,NA,NA,0,NA,0,0
440,S04,7,S04E7,10,0,Madame LaQueer,NA,NA,0,NA,0,0
441,S04,7,S04E7,11,0,The Princess,NA,NA,0,NA,0,0
442,S04,7,S04E7,12,0,Lashauwn Beyond,NA,NA,0,NA,0,0
443,S04,7,S04E7,13,0,Alisa Summers,NA,NA,0,NA,0,0
444,S04,8,S04E8,1,0,Sharon Needles,BTM,0,1,0,0,0
445,S04,8,S04E8,2,0,Chad Michaels,SAFE,0,1,0,0,0
446,S04,8,S04E8,2,0,Phi Phi O'Hara,BTM,0,1,0,0,0
447,S04,8,S04E8,4,1,Latrice Royale,WIN,0,1,0,0,0
448,S04,8,S04E8,5,0,Kenya Michaels,NA,NA,0,NA,0,0
449,S04,8,S04E8,6,0,Dida Ritz,SAFE,0,1,0,0,0
450,S04,8,S04E8,7,0,Willam,WIN,1,1,0,0,0
451,S04,8,S04E8,8,0,Jiggly Caliente,NA,NA,0,NA,0,0
452,S04,8,S04E8,9,0,Milan,NA,NA,0,NA,0,0
453,S04,8,S04E8,10,0,Madame LaQueer,NA,NA,0,NA,0,0
454,S04,8,S04E8,11,0,The Princess,NA,NA,0,NA,0,0
455,S04,8,S04E8,12,0,Lashauwn Beyond,NA,NA,0,NA,0,0
456,S04,8,S04E8,13,0,Alisa Summers,NA,NA,0,NA,0,0
457,S04,9,S04E9,1,0,Sharon Needles,WIN,0,1,0,0,0
458,S04,9,S04E9,2,0,Chad Michaels,HIGH,0,1,0,0,0
459,S04,9,S04E9,2,0,Phi Phi O'Hara,LOW,0,1,1,0,0
460,S04,9,S04E9,4,1,Latrice Royale,BTM,0,1,0,0,0
461,S04,9,S04E9,5,0,Kenya Michaels,NA,NA,0,NA,0,0
462,S04,9,S04E9,6,0,Dida Ritz,BTM,1,1,0,0,0
463,S04,9,S04E9,7,0,Willam,NA,NA,0,NA,0,0
464,S04,9,S04E9,8,0,Jiggly Caliente,NA,NA,0,NA,0,0
465,S04,9,S04E9,9,0,Milan,NA,NA,0,NA,0,0
466,S04,9,S04E9,10,0,Madame LaQueer,NA,NA,0,NA,0,0
467,S04,9,S04E9,11,0,The Princess,NA,NA,0,NA,0,0
468,S04,9,S04E9,12,0,Lashauwn Beyond,NA,NA,0,NA,0,0
469,S04,9,S04E9,13,0,Alisa Summers,NA,NA,0,NA,0,0
470,S04,10,S04E10,1,0,Sharon Needles,LOW,0,1,0,0,0
471,S04,10,S04E10,2,0,Chad Michaels,HIGH,0,1,0,0,0
472,S04,10,S04E10,2,0,Phi Phi O'Hara,WIN,0,1,0,0,0
473,S04,10,S04E10,4,1,Latrice Royale,BTM,0,1,0,0,0
474,S04,10,S04E10,5,0,Kenya Michaels,BTM,0,1,1,0,0
475,S04,10,S04E10,6,0,Dida Ritz,NA,NA,0,NA,0,0
476,S04,10,S04E10,7,0,Willam,NA,NA,0,NA,0,0
477,S04,10,S04E10,8,0,Jiggly Caliente,NA,NA,0,NA,0,0
478,S04,10,S04E10,9,0,Milan,NA,NA,0,NA,0,0
479,S04,10,S04E10,10,0,Madame LaQueer,NA,NA,0,NA,0,0
480,S04,10,S04E10,11,0,The Princess,NA,NA,0,NA,0,0
481,S04,10,S04E10,12,0,Lashauwn Beyond,NA,NA,0,NA,0,0
482,S04,10,S04E10,13,0,Alisa Summers,NA,NA,0,NA,0,0
483,S04,11,S04E11,1,0,Sharon Needles,WIN,0,1,0,0,0
484,S04,11,S04E11,2,0,Chad Michaels,BTM,0,1,1,0,0
485,S04,11,S04E11,2,0,Phi Phi O'Hara,HIGH,0,1,0,0,0
486,S04,11,S04E11,4,1,Latrice Royale,BTM,1,1,0,0,0
487,S04,11,S04E11,5,0,Kenya Michaels,NA,NA,0,NA,0,0
488,S04,11,S04E11,6,0,Dida Ritz,NA,NA,0,NA,0,0
489,S04,11,S04E11,7,0,Willam,NA,NA,0,NA,0,0
490,S04,11,S04E11,8,0,Jiggly Caliente,NA,NA,0,NA,0,0
491,S04,11,S04E11,9,0,Milan,NA,NA,0,NA,0,0
492,S04,11,S04E11,10,0,Madame LaQueer,NA,NA,0,NA,0,0
493,S04,11,S04E11,11,0,The Princess,NA,NA,0,NA,0,0
494,S04,11,S04E11,12,0,Lashauwn Beyond,NA,NA,0,NA,0,0
495,S04,11,S04E11,13,0,Alisa Summers,NA,NA,0,NA,0,0
496,S04,14,S04E14,1,0,Sharon Needles,WIN,0,1,0,1,0
497,S04,14,S04E14,2,0,Chad Michaels,HIGH,0,1,0,1,0
498,S04,14,S04E14,2,0,Phi Phi O'Hara,HIGH,0,1,0,1,0
499,S04,14,S04E14,4,1,Latrice Royale,NA,NA,0,NA,1,0
500,S04,14,S04E14,5,0,Kenya Michaels,NA,NA,0,NA,1,0
501,S04,14,S04E14,6,0,Dida Ritz,NA,NA,0,NA,1,0
502,S04,14,S04E14,7,0,Willam,NA,NA,0,NA,1,0
503,S04,14,S04E14,8,0,Jiggly Caliente,NA,NA,0,NA,1,0
504,S04,14,S04E14,9,0,Milan,NA,NA,0,NA,1,0
505,S04,14,S04E14,10,0,Madame LaQueer,NA,NA,0,NA,1,0
506,S04,14,S04E14,11,0,The Princess,NA,NA,0,NA,1,0
507,S04,14,S04E14,12,0,Lashauwn Beyond,NA,NA,0,NA,1,0
508,S04,14,S04E14,13,0,Alisa Summers,NA,NA,0,NA,1,0
509,S05,1,S05E1,1,0,Jinkx Monsoon,SAFE,0,1,0,0,0
510,S05,1,S05E1,2,0,Alaska,HIGH,0,1,0,0,0
511,S05,1,S05E1,2,0,Roxxxy Andrews,WIN,0,1,0,0,0
512,S05,1,S05E1,4,0,Detox,SAFE,0,1,1,0,0
513,S05,1,S05E1,5,0,Coco Montrese,SAFE,0,1,0,0,0
514,S05,1,S05E1,6,0,Alyssa Edwards,SAFE,0,1,0,0,0
515,S05,1,S05E1,7,1,Ivy Winters,HIGH,0,1,0,0,0
516,S05,1,S05E1,8,0,Jade Jolie,LOW,0,1,0,0,0
517,S05,1,S05E1,9,0,Lineysha Sparx,HIGH,0,1,0,0,0
518,S05,1,S05E1,10,0,Honey Mahogany,SAFE,0,1,0,0,0
519,S05,1,S05E1,10,0,Vivienne Pinay,SAFE,0,1,0,0,0
520,S05,1,S05E1,12,0,Monica Beverly Hillz,SAFE,0,1,0,0,0
521,S05,1,S05E1,13,0,Serena Cha Cha,BTM,0,1,0,0,0
522,S05,1,S05E1,14,0,Penny Tration,BTM,1,1,0,0,0
523,S05,2,S05E2,1,0,Jinkx Monsoon,HIGH,0,1,0,0,0
524,S05,2,S05E2,2,0,Alaska,SAFE,0,1,0,0,0
525,S05,2,S05E2,2,0,Roxxxy Andrews,SAFE,0,1,0,0,0
526,S05,2,S05E2,4,0,Detox,SAFE,0,1,0,0,0
527,S05,2,S05E2,5,0,Coco Montrese,HIGH,0,1,0,0,0
528,S05,2,S05E2,6,0,Alyssa Edwards,HIGH,0,1,0,0,0
529,S05,2,S05E2,7,1,Ivy Winters,SAFE,0,1,0,0,0
530,S05,2,S05E2,8,0,Jade Jolie,HIGH,0,1,0,0,0
531,S05,2,S05E2,9,0,Lineysha Sparx,WIN,0,1,0,0,0
532,S05,2,S05E2,10,0,Honey Mahogany,SAFE,0,1,0,0,0
533,S05,2,S05E2,10,0,Vivienne Pinay,SAFE,0,1,0,0,0
534,S05,2,S05E2,12,0,Monica Beverly Hillz,BTM,0,1,0,0,0
535,S05,2,S05E2,13,0,Serena Cha Cha,BTM,0,1,0,0,0
536,S05,2,S05E2,14,0,Penny Tration,NA,NA,0,NA,0,0
537,S05,3,S05E3,1,0,Jinkx Monsoon,HIGH,0,1,0,0,0
538,S05,3,S05E3,2,0,Alaska,LOW,0,1,0,0,0
539,S05,3,S05E3,2,0,Roxxxy Andrews,HIGH,0,1,0,0,0
540,S05,3,S05E3,4,0,Detox,WIN,0,1,0,0,0
541,S05,3,S05E3,5,0,Coco Montrese,BTM,0,1,0,0,0
542,S05,3,S05E3,6,0,Alyssa Edwards,SAFE,0,1,0,0,0
543,S05,3,S05E3,7,1,Ivy Winters,SAFE,0,1,0,0,0
544,S05,3,S05E3,8,0,Jade Jolie,SAFE,0,1,0,0,0
545,S05,3,S05E3,9,0,Lineysha Sparx,LOW,0,1,0,0,0
546,S05,3,S05E3,10,0,Honey Mahogany,SAFE,0,1,0,0,0
547,S05,3,S05E3,10,0,Vivienne Pinay,LOW,0,1,0,0,0
548,S05,3,S05E3,12,0,Monica Beverly Hillz,BTM,1,1,0,0,0
549,S05,3,S05E3,13,0,Serena Cha Cha,NA,NA,0,NA,0,0
550,S05,3,S05E3,14,0,Penny Tration,NA,NA,0,NA,0,0
551,S05,4,S05E4,1,0,Jinkx Monsoon,HIGH,0,1,0,0,0
552,S05,4,S05E4,2,0,Alaska,SAFE,0,1,0,0,0
553,S05,4,S05E4,2,0,Roxxxy Andrews,LOW,0,1,0,0,0
554,S05,4,S05E4,4,0,Detox,SAFE,0,1,0,0,0
555,S05,4,S05E4,5,0,Coco Montrese,SAFE,0,1,0,0,0
556,S05,4,S05E4,6,0,Alyssa Edwards,WIN,0,1,0,0,0
557,S05,4,S05E4,7,1,Ivy Winters,HIGH,0,1,0,0,0
558,S05,4,S05E4,8,0,Jade Jolie,SAFE,0,1,0,0,0
559,S05,4,S05E4,9,0,Lineysha Sparx,SAFE,0,1,0,0,0
560,S05,4,S05E4,10,0,Honey Mahogany,BTM,1,1,0,0,0
561,S05,4,S05E4,10,0,Vivienne Pinay,BTM,1,1,0,0,0
562,S05,4,S05E4,12,0,Monica Beverly Hillz,NA,NA,0,NA,0,0
563,S05,4,S05E4,13,0,Serena Cha Cha,NA,NA,0,NA,0,0
564,S05,4,S05E4,14,0,Penny Tration,NA,NA,0,NA,0,0
565,S05,5,S05E5,1,0,Jinkx Monsoon,WIN,0,1,0,0,0
566,S05,5,S05E5,2,0,Alaska,HIGH,0,1,0,0,0
567,S05,5,S05E5,2,0,Roxxxy Andrews,HIGH,0,1,1,0,0
568,S05,5,S05E5,4,0,Detox,BTM,0,1,1,0,0
569,S05,5,S05E5,5,0,Coco Montrese,SAFE,0,1,0,0,0
570,S05,5,S05E5,6,0,Alyssa Edwards,SAFE,0,1,1,0,0
571,S05,5,S05E5,7,1,Ivy Winters,LOW,0,1,0,0,0
572,S05,5,S05E5,8,0,Jade Jolie,SAFE,0,1,0,0,0
573,S05,5,S05E5,9,0,Lineysha Sparx,BTM,1,1,0,0,0
574,S05,5,S05E5,10,0,Honey Mahogany,NA,NA,0,NA,0,0
575,S05,5,S05E5,10,0,Vivienne Pinay,NA,NA,0,NA,0,0
576,S05,5,S05E5,12,0,Monica Beverly Hillz,NA,NA,0,NA,0,0
577,S05,5,S05E5,13,0,Serena Cha Cha,NA,NA,0,NA,0,0
578,S05,5,S05E5,14,0,Penny Tration,NA,NA,0,NA,0,0
579,S05,6,S05E6,1,0,Jinkx Monsoon,HIGH,0,1,0,0,0
580,S05,6,S05E6,2,0,Alaska,SAFE,0,1,0,0,0
581,S05,6,S05E6,2,0,Roxxxy Andrews,HIGH,0,1,0,0,0
582,S05,6,S05E6,4,0,Detox,SAFE,0,1,1,0,0
583,S05,6,S05E6,5,0,Coco Montrese,BTM,0,1,0,0,0
584,S05,6,S05E6,6,0,Alyssa Edwards,LOW,0,1,0,0,0
585,S05,6,S05E6,7,1,Ivy Winters,WIN,0,1,0,0,0
586,S05,6,S05E6,8,0,Jade Jolie,BTM,1,1,0,0,0
587,S05,6,S05E6,9,0,Lineysha Sparx,NA,NA,0,NA,0,0
588,S05,6,S05E6,10,0,Honey Mahogany,NA,NA,0,NA,0,0
589,S05,6,S05E6,10,0,Vivienne Pinay,NA,NA,0,NA,0,0
590,S05,6,S05E6,12,0,Monica Beverly Hillz,NA,NA,0,NA,0,0
591,S05,6,S05E6,13,0,Serena Cha Cha,NA,NA,0,NA,0,0
592,S05,6,S05E6,14,0,Penny Tration,NA,NA,0,NA,0,0
593,S05,7,S05E7,1,0,Jinkx Monsoon,HIGH,0,1,0,0,0
594,S05,7,S05E7,2,0,Alaska,HIGH,0,1,1,0,0
595,S05,7,S05E7,2,0,Roxxxy Andrews,BTM,0,1,0,0,0
596,S05,7,S05E7,4,0,Detox,SAFE,0,1,0,0,0
597,S05,7,S05E7,5,0,Coco Montrese,WIN,0,1,0,0,0
598,S05,7,S05E7,6,0,Alyssa Edwards,BTM,0,1,0,0,0
599,S05,7,S05E7,7,1,Ivy Winters,LOW,0,1,0,0,0
600,S05,7,S05E7,8,0,Jade Jolie,NA,NA,0,NA,0,0
601,S05,7,S05E7,9,0,Lineysha Sparx,NA,NA,0,NA,0,0
602,S05,7,S05E7,10,0,Honey Mahogany,NA,NA,0,NA,0,0
603,S05,7,S05E7,10,0,Vivienne Pinay,NA,NA,0,NA,0,0
604,S05,7,S05E7,12,0,Monica Beverly Hillz,NA,NA,0,NA,0,0
605,S05,7,S05E7,13,0,Serena Cha Cha,NA,NA,0,NA,0,0
606,S05,7,S05E7,14,0,Penny Tration,NA,NA,0,NA,0,0
607,S05,8,S05E8,1,0,Jinkx Monsoon,HIGH,0,1,0,0,0
608,S05,8,S05E8,2,0,Alaska,WIN,0,1,0,0,0
609,S05,8,S05E8,2,0,Roxxxy Andrews,LOW,0,1,0,0,0
610,S05,8,S05E8,4,0,Detox,HIGH,0,1,0,0,0
611,S05,8,S05E8,5,0,Coco Montrese,SAFE,0,1,0,0,0
612,S05,8,S05E8,6,0,Alyssa Edwards,BTM,0,1,0,0,0
613,S05,8,S05E8,7,1,Ivy Winters,BTM,0,1,1,0,0
614,S05,8,S05E8,8,0,Jade Jolie,NA,NA,0,NA,0,0
615,S05,8,S05E8,9,0,Lineysha Sparx,NA,NA,0,NA,0,0
616,S05,8,S05E8,10,0,Honey Mahogany,NA,NA,0,NA,0,0
617,S05,8,S05E8,10,0,Vivienne Pinay,NA,NA,0,NA,0,0
618,S05,8,S05E8,12,0,Monica Beverly Hillz,NA,NA,0,NA,0,0
619,S05,8,S05E8,13,0,Serena Cha Cha,NA,NA,0,NA,0,0
620,S05,8,S05E8,14,0,Penny Tration,NA,NA,0,NA,0,0
621,S05,9,S05E9,1,0,Jinkx Monsoon,WIN,0,1,0,0,0
622,S05,9,S05E9,2,0,Alaska,HIGH,0,1,0,0,0
623,S05,9,S05E9,2,0,Roxxxy Andrews,HIGH,0,1,0,0,0
624,S05,9,S05E9,4,0,Detox,LOW,0,1,0,0,0
625,S05,9,S05E9,5,0,Coco Montrese,BTM,0,1,0,0,0
626,S05,9,S05E9,6,0,Alyssa Edwards,BTM,0,1,0,0,0
627,S05,9,S05E9,7,1,Ivy Winters,NA,NA,0,NA,0,0
628,S05,9,S05E9,8,0,Jade Jolie,NA,NA,0,NA,0,0
629,S05,9,S05E9,9,0,Lineysha Sparx,NA,NA,0,NA,0,0
630,S05,9,S05E9,10,0,Honey Mahogany,NA,NA,0,NA,0,0
631,S05,9,S05E9,10,0,Vivienne Pinay,NA,NA,0,NA,0,0
632,S05,9,S05E9,12,0,Monica Beverly Hillz,NA,NA,0,NA,0,0
633,S05,9,S05E9,13,0,Serena Cha Cha,NA,NA,0,NA,0,0
634,S05,9,S05E9,14,0,Penny Tration,NA,NA,0,NA,0,0
635,S05,10,S05E10,1,0,Jinkx Monsoon,HIGH,0,1,0,0,0
636,S05,10,S05E10,2,0,Alaska,LOW,0,1,1,0,0
637,S05,10,S05E10,2,0,Roxxxy Andrews,WIN,0,1,0,0,0
638,S05,10,S05E10,4,0,Detox,BTM,0,1,0,0,0
639,S05,10,S05E10,5,0,Coco Montrese,BTM,1,1,0,0,0
640,S05,10,S05E10,6,0,Alyssa Edwards,NA,NA,0,NA,0,0
641,S05,10,S05E10,7,1,Ivy Winters,NA,NA,0,NA,0,0
642,S05,10,S05E10,8,0,Jade Jolie,NA,NA,0,NA,0,0
643,S05,10,S05E10,9,0,Lineysha Sparx,NA,NA,0,NA,0,0
644,S05,10,S05E10,10,0,Honey Mahogany,NA,NA,0,NA,0,0
645,S05,10,S05E10,10,0,Vivienne Pinay,NA,NA,0,NA,0,0
646,S05,10,S05E10,12,0,Monica Beverly Hillz,NA,NA,0,NA,0,0
647,S05,10,S05E10,13,0,Serena Cha Cha,NA,NA,0,NA,0,0
648,S05,10,S05E10,14,0,Penny Tration,NA,NA,0,NA,0,0
649,S05,11,S05E11,1,0,Jinkx Monsoon,BTM,0,1,0,0,0
650,S05,11,S05E11,2,0,Alaska,WIN,0,1,1,0,0
651,S05,11,S05E11,2,0,Roxxxy Andrews,HIGH,0,1,0,0,0
652,S05,11,S05E11,4,0,Detox,BTM,1,1,0,0,0
653,S05,11,S05E11,5,0,Coco Montrese,NA,NA,0,NA,0,0
654,S05,11,S05E11,6,0,Alyssa Edwards,NA,NA,0,NA,0,0
655,S05,11,S05E11,7,1,Ivy Winters,NA,NA,0,NA,0,0
656,S05,11,S05E11,8,0,Jade Jolie,NA,NA,0,NA,0,0
657,S05,11,S05E11,9,0,Lineysha Sparx,NA,NA,0,NA,0,0
658,S05,11,S05E11,10,0,Honey Mahogany,NA,NA,0,NA,0,0
659,S05,11,S05E11,10,0,Vivienne Pinay,NA,NA,0,NA,0,0
660,S05,11,S05E11,12,0,Monica Beverly Hillz,NA,NA,0,NA,0,0
661,S05,11,S05E11,13,0,Serena Cha Cha,NA,NA,0,NA,0,0
662,S05,11,S05E11,14,0,Penny Tration,NA,NA,0,NA,0,0
663,S05,14,S05E14,1,0,Jinkx Monsoon,WIN,0,1,0,1,0
664,S05,14,S05E14,2,0,Alaska,HIGH,0,1,0,1,0
665,S05,14,S05E14,2,0,Roxxxy Andrews,HIGH,0,1,0,1,0
666,S05,14,S05E14,4,0,Detox,NA,NA,0,NA,1,0
667,S05,14,S05E14,5,0,Coco Montrese,NA,NA,0,NA,1,0
668,S05,14,S05E14,6,0,Alyssa Edwards,NA,NA,0,NA,1,0
669,S05,14,S05E14,7,1,Ivy Winters,NA,NA,0,NA,1,0
670,S05,14,S05E14,8,0,Jade Jolie,NA,NA,0,NA,1,0
671,S05,14,S05E14,9,0,Lineysha Sparx,NA,NA,0,NA,1,0
672,S05,14,S05E14,10,0,Honey Mahogany,NA,NA,0,NA,1,0
673,S05,14,S05E14,10,0,Vivienne Pinay,NA,NA,0,NA,1,0
674,S05,14,S05E14,12,0,Monica Beverly Hillz,NA,NA,0,NA,1,0
675,S05,14,S05E14,13,0,Serena Cha Cha,NA,NA,0,NA,1,0
676,S05,14,S05E14,14,0,Penny Tration,NA,NA,0,NA,1,0
677,S06,1,S06E1,1,0,Bianca Del Rio,NA,NA,0,NA,0,0
678,S06,1,S06E1,2,0,Adore Delano,LOW,0,1,0,0,0
679,S06,1,S06E1,2,0,Courtney Act,NA,NA,0,NA,0,0
680,S06,1,S06E1,4,0,Darienne Lake,NA,NA,0,NA,0,0
681,S06,1,S06E1,5,1,BenDeLaCreme,WIN,0,1,0,0,0
682,S06,1,S06E1,6,0,Joslyn Fox,NA,NA,0,NA,0,0
683,S06,1,S06E1,7,0,Trinity K. Bonet,NA,NA,0,NA,0,0
684,S06,1,S06E1,8,0,Laganja Estranja,SAFE,0,1,1,0,0
685,S06,1,S06E1,9,0,Milk,NA,NA,0,NA,0,0
686,S06,1,S06E1,10,0,Gia Gunn,HIGH,0,1,0,0,0
687,S06,1,S06E1,11,0,April Carrión,HIGH,0,1,0,0,0
688,S06,1,S06E1,12,0,Vivacious,BTM,0,1,0,0,0
689,S06,1,S06E1,13,0,Magnolia Crawford,NA,NA,0,NA,0,0
690,S06,1,S06E1,13,0,Kelly Mantle,BTM,1,1,0,0,0
691,S06,2,S06E2,1,0,Bianca Del Rio,WIN,0,1,0,0,0
692,S06,2,S06E2,2,0,Adore Delano,NA,NA,0,NA,0,0
693,S06,2,S06E2,2,0,Courtney Act,SAFE,0,1,0,0,0
694,S06,2,S06E2,4,0,Darienne Lake,BTM,0,1,0,0,0
695,S06,2,S06E2,5,1,BenDeLaCreme,NA,NA,0,NA,0,0
696,S06,2,S06E2,6,0,Joslyn Fox,LOW,0,1,0,0,0
697,S06,2,S06E2,7,0,Trinity K. Bonet,HIGH,0,1,1,0,0
698,S06,2,S06E2,8,0,Laganja Estranja,NA,NA,0,NA,0,0
699,S06,2,S06E2,9,0,Milk,HIGH,0,1,0,0,0
700,S06,2,S06E2,10,0,Gia Gunn,NA,NA,0,NA,0,0
701,S06,2,S06E2,11,0,April Carrión,NA,NA,0,NA,0,0
702,S06,2,S06E2,12,0,Vivacious,NA,NA,0,NA,0,0
703,S06,2,S06E2,13,0,Magnolia Crawford,BTM,1,1,0,0,0
704,S06,2,S06E2,13,0,Kelly Mantle,NA,NA,0,NA,0,0
705,S06,3,S06E3,1,0,Bianca Del Rio,SAFE,0,1,0,0,0
706,S06,3,S06E3,2,0,Adore Delano,LOW,0,1,0,0,0
707,S06,3,S06E3,2,0,Courtney Act,SAFE,0,1,0,0,0
708,S06,3,S06E3,4,0,Darienne Lake,WIN,0,1,0,0,0
709,S06,3,S06E3,5,1,BenDeLaCreme,HIGH,0,1,0,0,0
710,S06,3,S06E3,6,0,Joslyn Fox,SAFE,0,1,0,0,0
711,S06,3,S06E3,7,0,Trinity K. Bonet,SAFE,0,1,0,0,0
712,S06,3,S06E3,8,0,Laganja Estranja,SAFE,0,1,0,0,0
713,S06,3,S06E3,9,0,Milk,SAFE,0,1,0,0,0
714,S06,3,S06E3,10,0,Gia Gunn,HIGH,0,1,0,0,0
715,S06,3,S06E3,11,0,April Carrión,BTM,0,1,0,0,0
716,S06,3,S06E3,12,0,Vivacious,BTM,1,1,0,0,0
717,S06,3,S06E3,13,0,Magnolia Crawford,NA,NA,0,NA,0,0
718,S06,3,S06E3,13,0,Kelly Mantle,NA,NA,0,NA,0,0
719,S06,4,S06E4,1,0,Bianca Del Rio,SAFE,0,1,0,0,0
720,S06,4,S06E4,2,0,Adore Delano,HIGH,0,1,0,0,0
721,S06,4,S06E4,2,0,Courtney Act,WIN,0,1,0,0,0
722,S06,4,S06E4,4,0,Darienne Lake,LOW,0,1,0,0,0
723,S06,4,S06E4,5,1,BenDeLaCreme,HIGH,0,1,0,0,0
724,S06,4,S06E4,6,0,Joslyn Fox,SAFE,0,1,0,0,0
725,S06,4,S06E4,7,0,Trinity K. Bonet,BTM,0,1,0,0,0
726,S06,4,S06E4,8,0,Laganja Estranja,SAFE,0,1,0,0,0
727,S06,4,S06E4,9,0,Milk,SAFE,0,1,0,0,0
728,S06,4,S06E4,10,0,Gia Gunn,SAFE,0,1,0,0,0
729,S06,4,S06E4,11,0,April Carrión,BTM,1,1,0,0,0
730,S06,4,S06E4,12,0,Vivacious,NA,NA,0,NA,0,0
731,S06,4,S06E4,13,0,Magnolia Crawford,NA,NA,0,NA,0,0
732,S06,4,S06E4,13,0,Kelly Mantle,NA,NA,0,NA,0,0
733,S06,5,S06E5,1,0,Bianca Del Rio,HIGH,0,1,0,0,0
734,S06,5,S06E5,2,0,Adore Delano,HIGH,0,1,0,0,0
735,S06,5,S06E5,2,0,Courtney Act,SAFE,0,1,0,0,0
736,S06,5,S06E5,4,0,Darienne Lake,SAFE,0,1,0,0,0
737,S06,5,S06E5,5,1,BenDeLaCreme,WIN,0,1,0,0,0
738,S06,5,S06E5,6,0,Joslyn Fox,SAFE,0,1,0,0,0
739,S06,5,S06E5,7,0,Trinity K. Bonet,SAFE,0,1,0,0,0
740,S06,5,S06E5,8,0,Laganja Estranja,BTM,0,1,0,0,0
741,S06,5,S06E5,9,0,Milk,LOW,0,1,0,0,0
742,S06,5,S06E5,10,0,Gia Gunn,BTM,1,1,0,0,0
743,S06,5,S06E5,11,0,April Carrión,NA,NA,0,NA,0,0
744,S06,5,S06E5,12,0,Vivacious,NA,NA,0,NA,0,0
745,S06,5,S06E5,13,0,Magnolia Crawford,NA,NA,0,NA,0,0
746,S06,5,S06E5,13,0,Kelly Mantle,NA,NA,0,NA,0,0
747,S06,6,S06E6,1,0,Bianca Del Rio,HIGH,0,1,0,0,0
748,S06,6,S06E6,2,0,Adore Delano,WIN,0,1,0,0,0
749,S06,6,S06E6,2,0,Courtney Act,SAFE,0,1,0,0,0
750,S06,6,S06E6,4,0,Darienne Lake,LOW,0,1,1,0,0
751,S06,6,S06E6,5,1,BenDeLaCreme,SAFE,0,1,0,0,0
752,S06,6,S06E6,6,0,Joslyn Fox,HIGH,0,1,0,0,0
753,S06,6,S06E6,7,0,Trinity K. Bonet,BTM,0,1,0,0,0
754,S06,6,S06E6,8,0,Laganja Estranja,SAFE,0,1,0,0,0
755,S06,6,S06E6,9,0,Milk,BTM,1,1,0,0,0
756,S06,6,S06E6,10,0,Gia Gunn,NA,NA,0,NA,0,0
757,S06,6,S06E6,11,0,April Carrión,NA,NA,0,NA,0,0
758,S06,6,S06E6,12,0,Vivacious,NA,NA,0,NA,0,0
759,S06,6,S06E6,13,0,Magnolia Crawford,NA,NA,0,NA,0,0
760,S06,6,S06E6,13,0,Kelly Mantle,NA,NA,0,NA,0,0
761,S06,7,S06E7,1,0,Bianca Del Rio,HIGH,0,1,0,0,0
762,S06,7,S06E7,2,0,Adore Delano,WIN,0,1,0,0,0
763,S06,7,S06E7,2,0,Courtney Act,LOW,0,1,0,0,0
764,S06,7,S06E7,4,0,Darienne Lake,BTM,0,1,0,0,0
765,S06,7,S06E7,5,1,BenDeLaCreme,BTM,0,1,0,0,0
766,S06,7,S06E7,6,0,Joslyn Fox,LOW,0,1,0,0,0
767,S06,7,S06E7,7,0,Trinity K. Bonet,HIGH,0,1,0,0,0
768,S06,7,S06E7,8,0,Laganja Estranja,WIN,0,1,1,0,0
769,S06,7,S06E7,9,0,Milk,NA,NA,0,NA,0,0
770,S06,7,S06E7,10,0,Gia Gunn,NA,NA,0,NA,0,0
771,S06,7,S06E7,11,0,April Carrión,NA,NA,0,NA,0,0
772,S06,7,S06E7,12,0,Vivacious,NA,NA,0,NA,0,0
773,S06,7,S06E7,13,0,Magnolia Crawford,NA,NA,0,NA,0,0
774,S06,7,S06E7,13,0,Kelly Mantle,NA,NA,0,NA,0,0
775,S06,8,S06E8,1,0,Bianca Del Rio,WIN,0,1,0,0,0
776,S06,8,S06E8,2,0,Adore Delano,SAFE,0,1,0,0,0
777,S06,8,S06E8,2,0,Courtney Act,SAFE,0,1,0,0,0
778,S06,8,S06E8,4,0,Darienne Lake,HIGH,0,1,0,0,0
779,S06,8,S06E8,5,1,BenDeLaCreme,LOW,0,1,0,0,0
780,S06,8,S06E8,6,0,Joslyn Fox,BTM,0,1,1,0,0
781,S06,8,S06E8,7,0,Trinity K. Bonet,HIGH,0,1,0,0,0
782,S06,8,S06E8,8,0,Laganja Estranja,BTM,1,1,0,0,0
783,S06,8,S06E8,9,0,Milk,NA,NA,0,NA,0,0
784,S06,8,S06E8,10,0,Gia Gunn,NA,NA,0,NA,0,0
785,S06,8,S06E8,11,0,April Carrión,NA,NA,0,NA,0,0
786,S06,8,S06E8,12,0,Vivacious,NA,NA,0,NA,0,0
787,S06,8,S06E8,13,0,Magnolia Crawford,NA,NA,0,NA,0,0
788,S06,8,S06E8,13,0,Kelly Mantle,NA,NA,0,NA,0,0
789,S06,9,S06E9,1,0,Bianca Del Rio,SAFE,0,1,0,0,0
790,S06,9,S06E9,2,0,Adore Delano,BTM,0,1,0,0,0
791,S06,9,S06E9,2,0,Courtney Act,WIN,0,1,0,0,0
792,S06,9,S06E9,4,0,Darienne Lake,SAFE,0,1,0,0,0
793,S06,9,S06E9,5,1,BenDeLaCreme,HIGH,0,1,1,0,0
794,S06,9,S06E9,6,0,Joslyn Fox,LOW,0,1,0,0,0
795,S06,9,S06E9,7,0,Trinity K. Bonet,BTM,1,1,0,0,0
796,S06,9,S06E9,8,0,Laganja Estranja,NA,NA,0,NA,0,0
797,S06,9,S06E9,9,0,Milk,NA,NA,0,NA,0,0
798,S06,9,S06E9,10,0,Gia Gunn,NA,NA,0,NA,0,0
799,S06,9,S06E9,11,0,April Carrión,NA,NA,0,NA,0,0
800,S06,9,S06E9,12,0,Vivacious,NA,NA,0,NA,0,0
801,S06,9,S06E9,13,0,Magnolia Crawford,NA,NA,0,NA,0,0
802,S06,9,S06E9,13,0,Kelly Mantle,NA,NA,0,NA,0,0
803,S06,10,S06E10,1,0,Bianca Del Rio,WIN,0,1,1,0,0
804,S06,10,S06E10,2,0,Adore Delano,BTM,0,1,0,0,0
805,S06,10,S06E10,2,0,Courtney Act,LOW,0,1,0,0,0
806,S06,10,S06E10,4,0,Darienne Lake,LOW,0,1,0,0,0
807,S06,10,S06E10,5,1,BenDeLaCreme,HIGH,0,1,0,0,0
808,S06,10,S06E10,6,0,Joslyn Fox,BTM,1,1,0,0,0
809,S06,10,S06E10,7,0,Trinity K. Bonet,NA,NA,0,NA,0,0
810,S06,10,S06E10,8,0,Laganja Estranja,NA,NA,0,NA,0,0
811,S06,10,S06E10,9,0,Milk,NA,NA,0,NA,0,0
812,S06,10,S06E10,10,0,Gia Gunn,NA,NA,0,NA,0,0
813,S06,10,S06E10,11,0,April Carrión,NA,NA,0,NA,0,0
814,S06,10,S06E10,12,0,Vivacious,NA,NA,0,NA,0,0
815,S06,10,S06E10,13,0,Magnolia Crawford,NA,NA,0,NA,0,0
816,S06,10,S06E10,13,0,Kelly Mantle,NA,NA,0,NA,0,0
817,S06,11,S06E11,1,0,Bianca Del Rio,HIGH,0,1,0,0,0
818,S06,11,S06E11,2,0,Adore Delano,WIN,0,1,0,0,0
819,S06,11,S06E11,2,0,Courtney Act,LOW,0,1,0,0,0
820,S06,11,S06E11,4,0,Darienne Lake,BTM,0,1,0,0,0
821,S06,11,S06E11,5,1,BenDeLaCreme,BTM,0,1,1,0,0
822,S06,11,S06E11,6,0,Joslyn Fox,NA,NA,0,NA,0,0
823,S06,11,S06E11,7,0,Trinity K. Bonet,NA,NA,0,NA,0,0
824,S06,11,S06E11,8,0,Laganja Estranja,NA,NA,0,NA,0,0
825,S06,11,S06E11,9,0,Milk,NA,NA,0,NA,0,0
826,S06,11,S06E11,10,0,Gia Gunn,NA,NA,0,NA,0,0
827,S06,11,S06E11,11,0,April Carrión,NA,NA,0,NA,0,0
828,S06,11,S06E11,12,0,Vivacious,NA,NA,0,NA,0,0
829,S06,11,S06E11,13,0,Magnolia Crawford,NA,NA,0,NA,0,0
830,S06,11,S06E11,13,0,Kelly Mantle,NA,NA,0,NA,0,0
831,S06,12,S06E12,1,0,Bianca Del Rio,WIN,0,1,0,0,1
832,S06,12,S06E12,2,0,Adore Delano,WIN,0,1,0,0,1
833,S06,12,S06E12,2,0,Courtney Act,WIN,0,1,0,0,1
834,S06,12,S06E12,4,0,Darienne Lake,BTM,1,1,0,0,1
835,S06,12,S06E12,5,1,BenDeLaCreme,NA,NA,0,NA,0,1
836,S06,12,S06E12,6,0,Joslyn Fox,NA,NA,0,NA,0,1
837,S06,12,S06E12,7,0,Trinity K. Bonet,NA,NA,0,NA,0,1
838,S06,12,S06E12,8,0,Laganja Estranja,NA,NA,0,NA,0,1
839,S06,12,S06E12,9,0,Milk,NA,NA,0,NA,0,1
840,S06,12,S06E12,10,0,Gia Gunn,NA,NA,0,NA,0,1
841,S06,12,S06E12,11,0,April Carrión,NA,NA,0,NA,0,1
842,S06,12,S06E12,12,0,Vivacious,NA,NA,0,NA,0,1
843,S06,12,S06E12,13,0,Magnolia Crawford,NA,NA,0,NA,0,1
844,S06,12,S06E12,13,0,Kelly Mantle,NA,NA,0,NA,0,1
845,S06,14,S06E14,1,0,Bianca Del Rio,WIN,0,1,0,1,0
846,S06,14,S06E14,2,0,Adore Delano,HIGH,0,1,0,1,0
847,S06,14,S06E14,2,0,Courtney Act,HIGH,0,1,0,1,0
848,S06,14,S06E14,4,0,Darienne Lake,NA,NA,0,NA,1,0
849,S06,14,S06E14,5,1,BenDeLaCreme,NA,NA,0,NA,1,0
850,S06,14,S06E14,6,0,Joslyn Fox,NA,NA,0,NA,1,0
851,S06,14,S06E14,7,0,Trinity K. Bonet,NA,NA,0,NA,1,0
852,S06,14,S06E14,8,0,Laganja Estranja,NA,NA,0,NA,1,0
853,S06,14,S06E14,9,0,Milk,NA,NA,0,NA,1,0
854,S06,14,S06E14,10,0,Gia Gunn,NA,NA,0,NA,1,0
855,S06,14,S06E14,11,0,April Carrión,NA,NA,0,NA,1,0
856,S06,14,S06E14,12,0,Vivacious,NA,NA,0,NA,1,0
857,S06,14,S06E14,13,0,Magnolia Crawford,NA,NA,0,NA,1,0
858,S06,14,S06E14,13,0,Kelly Mantle,NA,NA,0,NA,1,0
859,S07,1,S07E1,1,0,Violet Chachki,WIN,0,1,0,0,0
860,S07,1,S07E1,2,0,Ginger Minj,SAFE,0,1,0,0,0
861,S07,1,S07E1,2,0,Pearl,SAFE,0,1,0,0,0
862,S07,1,S07E1,4,0,Kennedy Davenport,HIGH,0,1,0,0,0
863,S07,1,S07E1,5,1,Katya,SAFE,0,1,0,0,0
864,S07,1,S07E1,6,0,Trixie Mattel,SAFE,0,1,0,0,0
865,S07,1,S07E1,7,0,Miss Fame,HIGH,0,1,0,0,0
866,S07,1,S07E1,8,0,Jaidynn Diore Fierce,SAFE,0,1,0,0,0
867,S07,1,S07E1,9,0,Max,SAFE,0,1,0,0,0
868,S07,1,S07E1,10,0,Kandy Ho,BTM,0,1,0,0,0
869,S07,1,S07E1,11,0,Mrs. Kasha Davis,SAFE,0,1,0,0,0
870,S07,1,S07E1,12,0,Jasmine Masters,LOW,0,1,0,0,0
871,S07,1,S07E1,13,0,Sasha Belle,LOW,0,1,0,0,0
872,S07,1,S07E1,14,0,Tempest DuJour,BTM,1,1,0,0,0
873,S07,2,S07E2,1,0,Violet Chachki,HIGH,0,1,0,0,0
874,S07,2,S07E2,2,0,Ginger Minj,WIN,0,1,0,0,0
875,S07,2,S07E2,2,0,Pearl,SAFE,0,1,0,0,0
876,S07,2,S07E2,4,0,Kennedy Davenport,SAFE,0,1,0,0,0
877,S07,2,S07E2,5,1,Katya,BTM,0,1,0,0,0
878,S07,2,S07E2,6,0,Trixie Mattel,SAFE,0,1,0,0,0
879,S07,2,S07E2,7,0,Miss Fame,LOW,0,1,0,0,0
880,S07,2,S07E2,8,0,Jaidynn Diore Fierce,SAFE,0,1,0,0,0
881,S07,2,S07E2,9,0,Max,SAFE,0,1,0,0,0
882,S07,2,S07E2,10,0,Kandy Ho,SAFE,0,1,0,0,0
883,S07,2,S07E2,11,0,Mrs. Kasha Davis,HIGH,0,1,0,0,0
884,S07,2,S07E2,12,0,Jasmine Masters,SAFE,0,1,0,0,0
885,S07,2,S07E2,13,0,Sasha Belle,BTM,1,1,0,0,0
886,S07,2,S07E2,14,0,Tempest DuJour,NA,NA,0,NA,0,0
887,S07,3,S07E3,1,0,Violet Chachki,SAFE,0,1,0,0,0
888,S07,3,S07E3,2,0,Ginger Minj,SAFE,0,1,0,0,0
889,S07,3,S07E3,2,0,Pearl,LOW,0,1,0,0,0
890,S07,3,S07E3,4,0,Kennedy Davenport,BTM,0,1,0,0,0
891,S07,3,S07E3,5,1,Katya,SAFE,0,1,0,0,0
892,S07,3,S07E3,6,0,Trixie Mattel,SAFE,0,1,0,0,0
893,S07,3,S07E3,7,0,Miss Fame,SAFE,0,1,0,0,0
894,S07,3,S07E3,8,0,Jaidynn Diore Fierce,SAFE,0,1,0,0,0
895,S07,3,S07E3,9,0,Max,WIN,0,1,0,0,0
896,S07,3,S07E3,10,0,Kandy Ho,SAFE,0,1,0,0,0
897,S07,3,S07E3,11,0,Mrs. Kasha Davis,SAFE,0,1,0,0,0
898,S07,3,S07E3,12,0,Jasmine Masters,BTM,1,1,0,0,0
899,S07,3,S07E3,13,0,Sasha Belle,NA,NA,0,NA,0,0
900,S07,3,S07E3,14,0,Tempest DuJour,NA,NA,0,NA,0,0
901,S07,4,S07E4,1,0,Violet Chachki,SAFE,0,1,0,0,0
902,S07,4,S07E4,2,0,Ginger Minj,HIGH,0,1,0,0,0
903,S07,4,S07E4,2,0,Pearl,BTM,0,1,0,0,0
904,S07,4,S07E4,4,0,Kennedy Davenport,WIN,0,1,0,0,0
905,S07,4,S07E4,5,1,Katya,HIGH,0,1,0,0,0
906,S07,4,S07E4,6,0,Trixie Mattel,BTM,1,1,0,0,0
907,S07,4,S07E4,7,0,Miss Fame,HIGH,0,1,0,0,0
908,S07,4,S07E4,8,0,Jaidynn Diore Fierce,HIGH,0,1,0,0,0
909,S07,4,S07E4,9,0,Max,SAFE,0,1,0,0,0
910,S07,4,S07E4,10,0,Kandy Ho,LOW,0,1,0,0,0
911,S07,4,S07E4,11,0,Mrs. Kasha Davis,SAFE,0,1,0,0,0
912,S07,4,S07E4,12,0,Jasmine Masters,NA,NA,0,NA,0,0
913,S07,4,S07E4,13,0,Sasha Belle,NA,NA,0,NA,0,0
914,S07,4,S07E4,14,0,Tempest DuJour,NA,NA,0,NA,0,0
915,S07,5,S07E5,1,0,Violet Chachki,LOW,0,1,0,0,0
916,S07,5,S07E5,2,0,Ginger Minj,SAFE,0,1,0,0,0
917,S07,5,S07E5,2,0,Pearl,WIN,0,1,0,0,0
918,S07,5,S07E5,4,0,Kennedy Davenport,HIGH,0,1,0,0,0
919,S07,5,S07E5,5,1,Katya,SAFE,0,1,1,0,0
920,S07,5,S07E5,6,0,Trixie Mattel,NA,NA,0,NA,0,0
921,S07,5,S07E5,7,0,Miss Fame,SAFE,0,1,0,0,0
922,S07,5,S07E5,8,0,Jaidynn Diore Fierce,HIGH,0,1,0,0,0
923,S07,5,S07E5,9,0,Max,WIN,0,1,0,0,0
924,S07,5,S07E5,10,0,Kandy Ho,BTM,0,1,0,0,0
925,S07,5,S07E5,11,0,Mrs. Kasha Davis,BTM,0,1,1,0,0
926,S07,5,S07E5,12,0,Jasmine Masters,NA,NA,0,NA,0,0
927,S07,5,S07E5,13,0,Sasha Belle,NA,NA,0,NA,0,0
928,S07,5,S07E5,14,0,Tempest DuJour,NA,NA,0,NA,0,0
929,S07,6,S07E6,1,0,Violet Chachki,SAFE,0,1,0,0,0
930,S07,6,S07E6,2,0,Ginger Minj,SAFE,0,1,1,0,0
931,S07,6,S07E6,2,0,Pearl,SAFE,0,1,0,0,0
932,S07,6,S07E6,4,0,Kennedy Davenport,SAFE,0,1,0,0,0
933,S07,6,S07E6,5,1,Katya,WIN,0,1,0,0,0
934,S07,6,S07E6,6,0,Trixie Mattel,NA,NA,0,NA,0,0
935,S07,6,S07E6,7,0,Miss Fame,LOW,0,1,0,0,0
936,S07,6,S07E6,8,0,Jaidynn Diore Fierce,BTM,0,1,0,0,0
937,S07,6,S07E6,9,0,Max,SAFE,0,1,0,0,0
938,S07,6,S07E6,10,0,Kandy Ho,BTM,1,1,0,0,0
939,S07,6,S07E6,11,0,Mrs. Kasha Davis,NA,NA,0,NA,0,0
940,S07,6,S07E6,12,0,Jasmine Masters,NA,NA,0,NA,0,0
941,S07,6,S07E6,13,0,Sasha Belle,NA,NA,0,NA,0,0
942,S07,6,S07E6,14,0,Tempest DuJour,NA,NA,0,NA,0,0
943,S07,7,S07E7,1,0,Violet Chachki,SAFE,0,1,0,0,0
944,S07,7,S07E7,2,0,Ginger Minj,WIN,0,1,0,0,0
945,S07,7,S07E7,2,0,Pearl,SAFE,0,1,0,0,0
946,S07,7,S07E7,4,0,Kennedy Davenport,WIN,0,1,0,0,0
947,S07,7,S07E7,5,1,Katya,HIGH,0,1,0,0,0
948,S07,7,S07E7,6,0,Trixie Mattel,NA,NA,0,NA,0,0
949,S07,7,S07E7,7,0,Miss Fame,LOW,0,1,0,0,0
950,S07,7,S07E7,8,0,Jaidynn Diore Fierce,BTM,0,1,0,0,0
951,S07,7,S07E7,9,0,Max,BTM,1,1,0,0,0
952,S07,7,S07E7,10,0,Kandy Ho,NA,NA,0,NA,0,0
953,S07,7,S07E7,11,0,Mrs. Kasha Davis,NA,NA,0,NA,0,0
954,S07,7,S07E7,12,0,Jasmine Masters,NA,NA,0,NA,0,0
955,S07,7,S07E7,13,0,Sasha Belle,NA,NA,0,NA,0,0
956,S07,7,S07E7,14,0,Tempest DuJour,NA,NA,0,NA,0,0
957,S07,8,S07E8,1,0,Violet Chachki,HIGH,0,1,0,0,0
958,S07,8,S07E8,2,0,Ginger Minj,BTM,0,1,0,0,0
959,S07,8,S07E8,2,0,Pearl,WIN,0,1,0,0,0
960,S07,8,S07E8,4,0,Kennedy Davenport,SAFE,0,1,1,0,0
961,S07,8,S07E8,5,1,Katya,HIGH,0,1,0,0,0
962,S07,8,S07E8,6,0,Trixie Mattel,WIN+RTRN,0,1,0,0,0
963,S07,8,S07E8,7,0,Miss Fame,LOW,0,1,0,0,0
964,S07,8,S07E8,8,0,Jaidynn Diore Fierce,BTM,1,1,0,0,0
965,S07,8,S07E8,9,0,Max,OUT,0,1,0,0,0
966,S07,8,S07E8,10,0,Kandy Ho,OUT,0,1,0,0,0
967,S07,8,S07E8,11,0,Mrs. Kasha Davis,OUT,0,1,0,0,0
968,S07,8,S07E8,12,0,Jasmine Masters,OUT,0,1,0,0,0
969,S07,8,S07E8,13,0,Sasha Belle,OUT,0,1,0,0,0
970,S07,8,S07E8,14,0,Tempest DuJour,OUT,0,1,0,0,0
971,S07,9,S07E9,1,0,Violet Chachki,LOW,0,1,0,0,0
972,S07,9,S07E9,2,0,Ginger Minj,WIN,0,1,0,0,0
973,S07,9,S07E9,2,0,Pearl,BTM,0,1,0,0,0
974,S07,9,S07E9,4,0,Kennedy Davenport,HIGH,0,1,0,0,0
975,S07,9,S07E9,5,1,Katya,HIGH,0,1,0,0,0
976,S07,9,S07E9,6,0,Trixie Mattel,HIGH,0,1,1,0,0
977,S07,9,S07E9,7,0,Miss Fame,BTM,1,1,0,0,0
978,S07,9,S07E9,8,0,Jaidynn Diore Fierce,NA,NA,0,NA,0,0
979,S07,9,S07E9,9,0,Max,NA,NA,0,NA,0,0
980,S07,9,S07E9,10,0,Kandy Ho,NA,NA,0,NA,0,0
981,S07,9,S07E9,11,0,Mrs. Kasha Davis,NA,NA,0,NA,0,0
982,S07,9,S07E9,12,0,Jasmine Masters,NA,NA,0,NA,0,0
983,S07,9,S07E9,13,0,Sasha Belle,NA,NA,0,NA,0,0
984,S07,9,S07E9,14,0,Tempest DuJour,NA,NA,0,NA,0,0
985,S07,10,S07E10,1,0,Violet Chachki,WIN,0,1,1,0,0
986,S07,10,S07E10,2,0,Ginger Minj,BTM,0,1,0,0,0
987,S07,10,S07E10,2,0,Pearl,SAFE,0,1,0,0,0
988,S07,10,S07E10,4,0,Kennedy Davenport,SAFE,0,1,0,0,0
989,S07,10,S07E10,5,1,Katya,WIN,0,1,0,0,0
990,S07,10,S07E10,6,0,Trixie Mattel,BTM,1,1,0,0,0
991,S07,10,S07E10,7,0,Miss Fame,NA,NA,0,NA,0,0
992,S07,10,S07E10,8,0,Jaidynn Diore Fierce,NA,NA,0,NA,0,0
993,S07,10,S07E10,9,0,Max,NA,NA,0,NA,0,0
994,S07,10,S07E10,10,0,Kandy Ho,NA,NA,0,NA,0,0
995,S07,10,S07E10,11,0,Mrs. Kasha Davis,NA,NA,0,NA,0,0
996,S07,10,S07E10,12,0,Jasmine Masters,NA,NA,0,NA,0,0
997,S07,10,S07E10,13,0,Sasha Belle,NA,NA,0,NA,0,0
998,S07,10,S07E10,14,0,Tempest DuJour,NA,NA,0,NA,0,0
999,S07,11,S07E11,1,0,Violet Chachki,WIN,0,1,0,0,0
1000,S07,11,S07E11,2,0,Ginger Minj,HIGH,0,1,1,0,0
1001,S07,11,S07E11,2,0,Pearl,HIGH,0,1,0,0,0
1002,S07,11,S07E11,4,0,Kennedy Davenport,BTM,0,1,0,0,0
1003,S07,11,S07E11,5,1,Katya,BTM,1,1,0,0,0
1004,S07,11,S07E11,6,0,Trixie Mattel,NA,NA,0,NA,0,0
1005,S07,11,S07E11,7,0,Miss Fame,NA,NA,0,NA,0,0
1006,S07,11,S07E11,8,0,Jaidynn Diore Fierce,NA,NA,0,NA,0,0
1007,S07,11,S07E11,9,0,Max,NA,NA,0,NA,0,0
1008,S07,11,S07E11,10,0,Kandy Ho,NA,NA,0,NA,0,0
1009,S07,11,S07E11,11,0,Mrs. Kasha Davis,NA,NA,0,NA,0,0
1010,S07,11,S07E11,12,0,Jasmine Masters,NA,NA,0,NA,0,0
1011,S07,11,S07E11,13,0,Sasha Belle,NA,NA,0,NA,0,0
1012,S07,11,S07E11,14,0,Tempest DuJour,NA,NA,0,NA,0,0
1013,S07,12,S07E12,1,0,Violet Chachki,WIN,0,1,0,0,1
1014,S07,12,S07E12,2,0,Ginger Minj,WIN,0,1,0,0,1
1015,S07,12,S07E12,2,0,Pearl,WIN,0,1,0,0,1
1016,S07,12,S07E12,4,0,Kennedy Davenport,BTM,1,1,0,0,1
1017,S07,12,S07E12,5,1,Katya,NA,NA,0,NA,0,1
1018,S07,12,S07E12,6,0,Trixie Mattel,NA,NA,0,NA,0,1
1019,S07,12,S07E12,7,0,Miss Fame,NA,NA,0,NA,0,1
1020,S07,12,S07E12,8,0,Jaidynn Diore Fierce,NA,NA,0,NA,0,1
1021,S07,12,S07E12,9,0,Max,NA,NA,0,NA,0,1
1022,S07,12,S07E12,10,0,Kandy Ho,NA,NA,0,NA,0,1
1023,S07,12,S07E12,11,0,Mrs. Kasha Davis,NA,NA,0,NA,0,1
1024,S07,12,S07E12,12,0,Jasmine Masters,NA,NA,0,NA,0,1
1025,S07,12,S07E12,13,0,Sasha Belle,NA,NA,0,NA,0,1
1026,S07,12,S07E12,14,0,Tempest DuJour,NA,NA,0,NA,0,1
1027,S07,14,S07E14,1,0,Violet Chachki,WIN,0,1,0,1,0
1028,S07,14,S07E14,2,0,Ginger Minj,HIGH,0,1,0,1,0
1029,S07,14,S07E14,2,0,Pearl,HIGH,0,1,0,1,0
1030,S07,14,S07E14,4,0,Kennedy Davenport,NA,NA,0,NA,1,0
1031,S07,14,S07E14,5,1,Katya,NA,NA,0,NA,1,0
1032,S07,14,S07E14,6,0,Trixie Mattel,NA,NA,0,NA,1,0
1033,S07,14,S07E14,7,0,Miss Fame,NA,NA,0,NA,1,0
1034,S07,14,S07E14,8,0,Jaidynn Diore Fierce,NA,NA,0,NA,1,0
1035,S07,14,S07E14,9,0,Max,NA,NA,0,NA,1,0
1036,S07,14,S07E14,10,0,Kandy Ho,NA,NA,0,NA,1,0
1037,S07,14,S07E14,11,0,Mrs. Kasha Davis,NA,NA,0,NA,1,0
1038,S07,14,S07E14,12,0,Jasmine Masters,NA,NA,0,NA,1,0
1039,S07,14,S07E14,13,0,Sasha Belle,NA,NA,0,NA,1,0
1040,S07,14,S07E14,14,0,Tempest DuJour,NA,NA,0,NA,1,0
1041,S08,1,S08E1,1,0,Bob the Drag Queen,SAFE,0,1,0,0,0
1042,S08,1,S08E1,2,0,Kim Chi,WIN,0,1,0,0,0
1043,S08,1,S08E1,2,0,Naomi Smalls,HIGH,0,1,0,0,0
1044,S08,1,S08E1,4,0,Chi Chi DeVayne,SAFE,0,1,0,0,0
1045,S08,1,S08E1,5,0,Derrick Barry,HIGH,0,1,0,0,0
1046,S08,1,S08E1,6,0,Thorgy Thor,SAFE,0,1,0,0,0
1047,S08,1,S08E1,7,0,Robbie Turner,LOW,0,1,1,0,0
1048,S08,1,S08E1,8,0,Acid Betty,HIGH,0,1,0,0,0
1049,S08,1,S08E1,9,0,Naysha Lopez,BTM,1,1,0,0,0
1050,S08,1,S08E1,10,1,Cynthia Lee Fontaine,SAFE,0,1,0,0,0
1051,S08,1,S08E1,11,0,Dax ExclamationPoint,SAFE,0,1,0,0,0
1052,S08,1,S08E1,11,0,Laila McQueen,BTM,0,1,0,0,0
1053,S08,2,S08E2,1,0,Bob the Drag Queen,SAFE,0,1,0,0,0
1054,S08,2,S08E2,2,0,Kim Chi,LOW,0,1,0,0,0
1055,S08,2,S08E2,2,0,Naomi Smalls,SAFE,0,1,0,0,0
1056,S08,2,S08E2,4,0,Chi Chi DeVayne,WIN,0,1,0,0,0
1057,S08,2,S08E2,5,0,Derrick Barry,SAFE,0,1,0,0,0
1058,S08,2,S08E2,6,0,Thorgy Thor,HIGH,0,1,0,0,0
1059,S08,2,S08E2,7,0,Robbie Turner,SAFE,0,1,0,0,0
1060,S08,2,S08E2,8,0,Acid Betty,HIGH,0,1,0,0,0
1061,S08,2,S08E2,9,0,Naysha Lopez,NA,NA,0,NA,0,0
1062,S08,2,S08E2,10,1,Cynthia Lee Fontaine,SAFE,0,1,0,0,0
1063,S08,2,S08E2,11,0,Dax ExclamationPoint,BTM,1,1,0,0,0
1064,S08,2,S08E2,11,0,Laila McQueen,BTM,1,1,0,0,0
1065,S08,3,S08E3,1,0,Bob the Drag Queen,WIN,0,1,0,0,0
1066,S08,3,S08E3,2,0,Kim Chi,SAFE,0,1,0,0,0
1067,S08,3,S08E3,2,0,Naomi Smalls,SAFE,0,1,0,0,0
1068,S08,3,S08E3,4,0,Chi Chi DeVayne,SAFE,0,1,0,0,0
1069,S08,3,S08E3,5,0,Derrick Barry,LOW,0,1,0,0,0
1070,S08,3,S08E3,6,0,Thorgy Thor,HIGH,0,1,0,0,0
1071,S08,3,S08E3,7,0,Robbie Turner,BTM,0,1,0,0,0
1072,S08,3,S08E3,8,0,Acid Betty,HIGH,0,1,0,0,0
1073,S08,3,S08E3,9,0,Naysha Lopez,SAFE,0,1,0,0,0
1074,S08,3,S08E3,10,1,Cynthia Lee Fontaine,BTM,1,1,0,0,0
1075,S08,3,S08E3,11,0,Dax ExclamationPoint,NA,NA,0,NA,0,0
1076,S08,3,S08E3,11,0,Laila McQueen,NA,NA,0,NA,0,0
1077,S08,4,S08E4,1,0,Bob the Drag Queen,SAFE,0,1,0,0,0
1078,S08,4,S08E4,2,0,Kim Chi,SAFE,0,1,0,0,0
1079,S08,4,S08E4,2,0,Naomi Smalls,HIGH,0,1,0,0,0
1080,S08,4,S08E4,4,0,Chi Chi DeVayne,BTM,0,1,0,0,0
1081,S08,4,S08E4,5,0,Derrick Barry,LOW,0,1,0,0,0
1082,S08,4,S08E4,6,0,Thorgy Thor,SAFE,0,1,0,0,0
1083,S08,4,S08E4,7,0,Robbie Turner,WIN,0,1,0,0,0
1084,S08,4,S08E4,8,0,Acid Betty,SAFE,0,1,0,0,0
1085,S08,4,S08E4,9,0,Naysha Lopez,BTM,1,1,0,0,0
1086,S08,4,S08E4,10,1,Cynthia Lee Fontaine,NA,NA,0,NA,0,0
1087,S08,4,S08E4,11,0,Dax ExclamationPoint,NA,NA,0,NA,0,0
1088,S08,4,S08E4,11,0,Laila McQueen,NA,NA,0,NA,0,0
1089,S08,5,S08E5,1,0,Bob the Drag Queen,WIN,0,1,0,0,0
1090,S08,5,S08E5,2,0,Kim Chi,SAFE,0,1,0,0,0
1091,S08,5,S08E5,2,0,Naomi Smalls,BTM,0,1,0,0,0
1092,S08,5,S08E5,4,0,Chi Chi DeVayne,SAFE,0,1,0,0,0
1093,S08,5,S08E5,5,0,Derrick Barry,HIGH,0,1,0,0,0
1094,S08,5,S08E5,6,0,Thorgy Thor,HIGH,0,1,0,0,0
1095,S08,5,S08E5,7,0,Robbie Turner,LOW,0,1,0,0,0
1096,S08,5,S08E5,8,0,Acid Betty,BTM,1,1,0,0,0
1097,S08,5,S08E5,9,0,Naysha Lopez,NA,NA,0,NA,0,0
1098,S08,5,S08E5,10,1,Cynthia Lee Fontaine,NA,NA,0,NA,0,0
1099,S08,5,S08E5,11,0,Dax ExclamationPoint,NA,NA,0,NA,0,0
1100,S08,5,S08E5,11,0,Laila McQueen,NA,NA,0,NA,0,0
1101,S08,6,S08E6,1,0,Bob the Drag Queen,SAFE,0,1,1,0,0
1102,S08,6,S08E6,2,0,Kim Chi,HIGH,0,1,0,0,0
1103,S08,6,S08E6,2,0,Naomi Smalls,WIN,0,1,0,0,0
1104,S08,6,S08E6,4,0,Chi Chi DeVayne,LOW,0,1,0,0,0
1105,S08,6,S08E6,5,0,Derrick Barry,BTM,0,1,0,0,0
1106,S08,6,S08E6,6,0,Thorgy Thor,SAFE,0,1,0,0,0
1107,S08,6,S08E6,7,0,Robbie Turner,BTM,1,1,0,0,0
1108,S08,6,S08E6,8,0,Acid Betty,NA,NA,0,NA,0,0
1109,S08,6,S08E6,9,0,Naysha Lopez,NA,NA,0,NA,0,0
1110,S08,6,S08E6,10,1,Cynthia Lee Fontaine,NA,NA,0,NA,0,0
1111,S08,6,S08E6,11,0,Dax ExclamationPoint,NA,NA,0,NA,0,0
1112,S08,6,S08E6,11,0,Laila McQueen,NA,NA,0,NA,0,0
1113,S08,7,S08E7,1,0,Bob the Drag Queen,WIN,0,1,0,0,0
1114,S08,7,S08E7,2,0,Kim Chi,SAFE,0,1,0,0,0
1115,S08,7,S08E7,2,0,Naomi Smalls,SAFE,0,1,0,0,0
1116,S08,7,S08E7,4,0,Chi Chi DeVayne,BTM,0,1,0,0,0
1117,S08,7,S08E7,5,0,Derrick Barry,WIN,0,1,1,0,0
1118,S08,7,S08E7,6,0,Thorgy Thor,BTM,1,1,0,0,0
1119,S08,7,S08E7,7,0,Robbie Turner,NA,NA,0,NA,0,0
1120,S08,7,S08E7,8,0,Acid Betty,NA,NA,0,NA,0,0
1121,S08,7,S08E7,9,0,Naysha Lopez,NA,NA,0,NA,0,0
1122,S08,7,S08E7,10,1,Cynthia Lee Fontaine,NA,NA,0,NA,0,0
1123,S08,7,S08E7,11,0,Dax ExclamationPoint,NA,NA,0,NA,0,0
1124,S08,7,S08E7,11,0,Laila McQueen,NA,NA,0,NA,0,0
1125,S08,8,S08E8,1,0,Bob the Drag Queen,BTM,0,1,0,0,0
1126,S08,8,S08E8,2,0,Kim Chi,WIN,0,1,0,0,0
1127,S08,8,S08E8,2,0,Naomi Smalls,HIGH,0,1,0,0,0
1128,S08,8,S08E8,4,0,Chi Chi DeVayne,HIGH,0,1,1,0,0
1129,S08,8,S08E8,5,0,Derrick Barry,BTM,1,1,0,0,0
1130,S08,8,S08E8,6,0,Thorgy Thor,NA,NA,0,NA,0,0
1131,S08,8,S08E8,7,0,Robbie Turner,NA,NA,0,NA,0,0
1132,S08,8,S08E8,8,0,Acid Betty,NA,NA,0,NA,0,0
1133,S08,8,S08E8,9,0,Naysha Lopez,NA,NA,0,NA,0,0
1134,S08,8,S08E8,10,1,Cynthia Lee Fontaine,NA,NA,0,NA,0,0
1135,S08,8,S08E8,11,0,Dax ExclamationPoint,NA,NA,0,NA,0,0
1136,S08,8,S08E8,11,0,Laila McQueen,NA,NA,0,NA,0,0
1137,S08,9,S08E9,1,0,Bob the Drag Queen,WIN,0,1,0,0,1
1138,S08,9,S08E9,2,0,Kim Chi,WIN,0,1,0,0,1
1139,S08,9,S08E9,2,0,Naomi Smalls,WIN,0,1,0,0,1
1140,S08,9,S08E9,4,0,Chi Chi DeVayne,BTM,1,1,0,0,1
1141,S08,9,S08E9,5,0,Derrick Barry,NA,NA,0,NA,0,1
1142,S08,9,S08E9,6,0,Thorgy Thor,NA,NA,0,NA,0,1
1143,S08,9,S08E9,7,0,Robbie Turner,NA,NA,0,NA,0,1
1144,S08,9,S08E9,8,0,Acid Betty,NA,NA,0,NA,0,1
1145,S08,9,S08E9,9,0,Naysha Lopez,NA,NA,0,NA,0,1
1146,S08,9,S08E9,10,1,Cynthia Lee Fontaine,NA,NA,0,NA,0,1
1147,S08,9,S08E9,11,0,Dax ExclamationPoint,NA,NA,0,NA,0,1
1148,S08,9,S08E9,11,0,Laila McQueen,NA,NA,0,NA,0,1
1149,S08,10,S08E10,1,0,Bob the Drag Queen,WIN,0,1,0,1,0
1150,S08,10,S08E10,2,0,Kim Chi,HIGH,0,1,0,1,0
1151,S08,10,S08E10,2,0,Naomi Smalls,HIGH,0,1,0,1,0
1152,S08,10,S08E10,4,0,Chi Chi DeVayne,NA,NA,0,NA,1,0
1153,S08,10,S08E10,5,0,Derrick Barry,NA,NA,0,NA,1,0
1154,S08,10,S08E10,6,0,Thorgy Thor,NA,NA,0,NA,1,0
1155,S08,10,S08E10,7,0,Robbie Turner,NA,NA,0,NA,1,0
1156,S08,10,S08E10,8,0,Acid Betty,NA,NA,0,NA,1,0
1157,S08,10,S08E10,9,0,Naysha Lopez,NA,NA,0,NA,1,0
1158,S08,10,S08E10,10,1,Cynthia Lee Fontaine,NA,NA,0,NA,1,0
1159,S08,10,S08E10,11,0,Dax ExclamationPoint,NA,NA,0,NA,1,0
1160,S08,10,S08E10,11,0,Laila McQueen,NA,NA,0,NA,1,0
1161,S09,1,S09E1,1,0,Sasha Velour,HIGH,0,1,0,0,0
1162,S09,1,S09E1,2,0,Peppermint,SAFE,0,1,0,0,0
1163,S09,1,S09E1,3,0,Shea Couleé,SAFE,0,1,0,0,0
1164,S09,1,S09E1,3,0,Trinity Taylor,SAFE,0,1,0,0,0
1165,S09,1,S09E1,5,0,Alexis Michelle,SAFE,0,1,0,0,0
1166,S09,1,S09E1,6,0,Nina Bo'nina Brown,WIN,0,1,0,0,0
1167,S09,1,S09E1,7,1,Valentina,SAFE,0,1,0,0,0
1168,S09,1,S09E1,8,0,Farrah Moan,SAFE,0,1,0,0,0
1169,S09,1,S09E1,9,0,Aja,SAFE,0,1,0,0,0
1170,S09,1,S09E1,10,0,Cynthia Lee Fontaine,NA,NA,0,NA,0,0
1171,S09,1,S09E1,11,0,Eureka O'Hara,HIGH,0,1,0,0,0
1172,S09,1,S09E1,12,0,Charlie Hides,SAFE,0,1,0,0,0
1173,S09,1,S09E1,13,0,Kimora Blac,SAFE,0,1,0,0,0
1174,S09,1,S09E1,14,0,Jaymes Mansfield,SAFE,0,1,0,0,0
1175,S09,2,S09E2,1,0,Sasha Velour,SAFE,0,1,0,0,0
1176,S09,2,S09E2,2,0,Peppermint,SAFE,0,1,0,0,0
1177,S09,2,S09E2,3,0,Shea Couleé,HIGH,0,1,0,0,0
1178,S09,2,S09E2,3,0,Trinity Taylor,HIGH,0,1,0,0,0
1179,S09,2,S09E2,5,0,Alexis Michelle,SAFE,0,1,0,0,0
1180,S09,2,S09E2,6,0,Nina Bo'nina Brown,SAFE,0,1,0,0,0
1181,S09,2,S09E2,7,1,Valentina,WIN,0,1,0,0,0
1182,S09,2,S09E2,8,0,Farrah Moan,SAFE,0,1,0,0,0
1183,S09,2,S09E2,9,0,Aja,SAFE,0,1,0,0,0
1184,S09,2,S09E2,10,0,Cynthia Lee Fontaine,SAFE,0,1,0,0,0
1185,S09,2,S09E2,11,0,Eureka O'Hara,SAFE,0,1,0,0,0
1186,S09,2,S09E2,12,0,Charlie Hides,LOW,0,1,0,0,0
1187,S09,2,S09E2,13,0,Kimora Blac,BTM,0,1,0,0,0
1188,S09,2,S09E2,14,0,Jaymes Mansfield,BTM,1,1,0,0,0
1189,S09,3,S09E3,1,0,Sasha Velour,SAFE,0,1,0,0,0
1190,S09,3,S09E3,2,0,Peppermint,HIGH,0,1,0,0,0
1191,S09,3,S09E3,3,0,Shea Couleé,SAFE,0,1,0,0,0
1192,S09,3,S09E3,3,0,Trinity Taylor,WIN,0,1,0,0,0
1193,S09,3,S09E3,5,0,Alexis Michelle,SAFE,0,1,0,0,0
1194,S09,3,S09E3,6,0,Nina Bo'nina Brown,SAFE,0,1,0,0,0
1195,S09,3,S09E3,7,1,Valentina,HIGH,0,1,0,0,0
1196,S09,3,S09E3,8,0,Farrah Moan,LOW,0,1,0,0,0
1197,S09,3,S09E3,9,0,Aja,BTM,0,1,0,0,0
1198,S09,3,S09E3,10,0,Cynthia Lee Fontaine,SAFE,0,1,0,0,0
1199,S09,3,S09E3,11,0,Eureka O'Hara,SAFE,0,1,0,0,0
1200,S09,3,S09E3,12,0,Charlie Hides,SAFE,0,1,0,0,0
1201,S09,3,S09E3,13,0,Kimora Blac,BTM,1,1,0,0,0
1202,S09,3,S09E3,14,0,Jaymes Mansfield,NA,NA,0,NA,0,0
1203,S09,4,S09E4,1,0,Sasha Velour,WIN,0,1,0,0,0
1204,S09,4,S09E4,2,0,Peppermint,LOW,0,1,0,0,0
1205,S09,4,S09E4,3,0,Shea Couleé,WIN,0,1,0,0,0
1206,S09,4,S09E4,3,0,Trinity Taylor,BTM,0,1,0,0,0
1207,S09,4,S09E4,5,0,Alexis Michelle,SAFE,0,1,0,0,0
1208,S09,4,S09E4,6,0,Nina Bo'nina Brown,HIGH,0,1,0,0,0
1209,S09,4,S09E4,7,1,Valentina,SAFE,0,1,0,0,0
1210,S09,4,S09E4,8,0,Farrah Moan,SAFE,0,1,0,0,0
1211,S09,4,S09E4,9,0,Aja,SAFE,0,1,0,0,0
1212,S09,4,S09E4,10,0,Cynthia Lee Fontaine,SAFE,0,1,0,0,0
1213,S09,4,S09E4,11,0,Eureka O'Hara,HIGH,0,1,0,0,0
1214,S09,4,S09E4,12,0,Charlie Hides,BTM,1,1,0,0,0
1215,S09,4,S09E4,13,0,Kimora Blac,NA,NA,0,NA,0,0
1216,S09,4,S09E4,14,0,Jaymes Mansfield,NA,NA,0,NA,0,0
1217,S09,5,S09E5,1,0,Sasha Velour,SAFE,0,1,0,0,0
1218,S09,5,S09E5,2,0,Peppermint,HIGH,0,1,0,0,0
1219,S09,5,S09E5,3,0,Shea Couleé,WIN,0,1,0,0,0
1220,S09,5,S09E5,3,0,Trinity Taylor,SAFE,0,1,0,0,0
1221,S09,5,S09E5,5,0,Alexis Michelle,HIGH,0,1,1,0,0
1222,S09,5,S09E5,6,0,Nina Bo'nina Brown,LOW,0,1,0,0,0
1223,S09,5,S09E5,7,1,Valentina,SAFE,0,1,0,0,0
1224,S09,5,S09E5,8,0,Farrah Moan,BTM,0,1,0,0,0
1225,S09,5,S09E5,9,0,Aja,SAFE,0,1,0,0,0
1226,S09,5,S09E5,10,0,Cynthia Lee Fontaine,BTM,0,1,0,0,0
1227,S09,5,S09E5,11,0,Eureka O'Hara,SAFE+DEPT,0,1,0,0,0
1228,S09,5,S09E5,12,0,Charlie Hides,NA,NA,0,NA,0,0
1229,S09,5,S09E5,13,0,Kimora Blac,NA,NA,0,NA,0,0
1230,S09,5,S09E5,14,0,Jaymes Mansfield,NA,NA,0,NA,0,0
1231,S09,6,S09E6,1,0,Sasha Velour,HIGH,0,1,0,0,0
1232,S09,6,S09E6,2,0,Peppermint,BTM,0,1,0,0,0
1233,S09,6,S09E6,3,0,Shea Couleé,SAFE,0,1,0,0,0
1234,S09,6,S09E6,3,0,Trinity Taylor,SAFE,0,1,0,0,0
1235,S09,6,S09E6,5,0,Alexis Michelle,WIN,0,1,0,0,0
1236,S09,6,S09E6,6,0,Nina Bo'nina Brown,HIGH,0,1,0,0,0
1237,S09,6,S09E6,7,1,Valentina,SAFE,0,1,0,0,0
1238,S09,6,S09E6,8,0,Farrah Moan,LOW,0,1,0,0,0
1239,S09,6,S09E6,9,0,Aja,SAFE,0,1,0,0,0
1240,S09,6,S09E6,10,0,Cynthia Lee Fontaine,BTM,1,1,0,0,0
1241,S09,6,S09E6,11,0,Eureka O'Hara,NA,NA,0,NA,0,0
1242,S09,6,S09E6,12,0,Charlie Hides,NA,NA,0,NA,0,0
1243,S09,6,S09E6,13,0,Kimora Blac,NA,NA,0,NA,0,0
1244,S09,6,S09E6,14,0,Jaymes Mansfield,NA,NA,0,NA,0,0
1245,S09,7,S09E7,1,0,Sasha Velour,LOW,0,1,0,0,0
1246,S09,7,S09E7,2,0,Peppermint,SAFE,0,1,0,0,0
1247,S09,7,S09E7,3,0,Shea Couleé,HIGH,0,1,0,0,0
1248,S09,7,S09E7,3,0,Trinity Taylor,WIN,0,1,0,0,0
1249,S09,7,S09E7,5,0,Alexis Michelle,SAFE,0,1,0,0,0
1250,S09,7,S09E7,6,0,Nina Bo'nina Brown,BTM,0,1,0,0,0
1251,S09,7,S09E7,7,1,Valentina,HIGH,0,1,0,0,0
1252,S09,7,S09E7,8,0,Farrah Moan,SAFE,0,1,0,0,0
1253,S09,7,S09E7,9,0,Aja,BTM,1,1,0,0,0
1254,S09,7,S09E7,10,0,Cynthia Lee Fontaine,NA,NA,0,NA,0,0
1255,S09,7,S09E7,11,0,Eureka O'Hara,NA,NA,0,NA,0,0
1256,S09,7,S09E7,12,0,Charlie Hides,NA,NA,0,NA,0,0
1257,S09,7,S09E7,13,0,Kimora Blac,NA,NA,0,NA,0,0
1258,S09,7,S09E7,14,0,Jaymes Mansfield,NA,NA,0,NA,0,0
1259,S09,8,S09E8,1,0,Sasha Velour,HIGH,0,1,0,0,0
1260,S09,8,S09E8,2,0,Peppermint,WIN,0,1,0,0,0
1261,S09,8,S09E8,3,0,Shea Couleé,HIGH,0,1,0,0,0
1262,S09,8,S09E8,3,0,Trinity Taylor,LOW,0,1,0,0,0
1263,S09,8,S09E8,5,0,Alexis Michelle,BTM,0,1,0,0,0
1264,S09,8,S09E8,6,0,Nina Bo'nina Brown,SAFE,0,1,0,0,0
1265,S09,8,S09E8,7,1,Valentina,SAFE,0,1,1,0,0
1266,S09,8,S09E8,8,0,Farrah Moan,BTM,1,1,0,0,0
1267,S09,8,S09E8,9,0,Aja,NA,NA,0,NA,0,0
1268,S09,8,S09E8,10,0,Cynthia Lee Fontaine,NA,NA,0,NA,0,0
1269,S09,8,S09E8,11,0,Eureka O'Hara,NA,NA,0,NA,0,0
1270,S09,8,S09E8,12,0,Charlie Hides,NA,NA,0,NA,0,0
1271,S09,8,S09E8,13,0,Kimora Blac,NA,NA,0,NA,0,0
1272,S09,8,S09E8,14,0,Jaymes Mansfield,NA,NA,0,NA,0,0
1273,S09,9,S09E9,1,0,Sasha Velour,WIN,0,1,0,0,0
1274,S09,9,S09E9,2,0,Peppermint,HIGH,0,1,0,0,0
1275,S09,9,S09E9,3,0,Shea Couleé,WIN,0,1,0,0,0
1276,S09,9,S09E9,3,0,Trinity Taylor,HIGH,0,1,0,0,0
1277,S09,9,S09E9,5,0,Alexis Michelle,LOW,0,1,0,0,0
1278,S09,9,S09E9,6,0,Nina Bo'nina Brown,BTM,0,1,0,0,0
1279,S09,9,S09E9,7,1,Valentina,BTM,1,1,0,0,0
1280,S09,9,S09E9,8,0,Farrah Moan,NA,NA,0,NA,0,0
1281,S09,9,S09E9,9,0,Aja,NA,NA,0,NA,0,0
1282,S09,9,S09E9,10,0,Cynthia Lee Fontaine,NA,NA,0,NA,0,0
1283,S09,9,S09E9,11,0,Eureka O'Hara,NA,NA,0,NA,0,0
1284,S09,9,S09E9,12,0,Charlie Hides,NA,NA,0,NA,0,0
1285,S09,9,S09E9,13,0,Kimora Blac,NA,NA,0,NA,0,0
1286,S09,9,S09E9,14,0,Jaymes Mansfield,NA,NA,0,NA,0,0
1287,S09,10,S09E10,1,0,Sasha Velour,HIGH,0,1,0,0,0
1288,S09,10,S09E10,2,0,Peppermint,HIGH,0,1,0,0,0
1289,S09,10,S09E10,3,0,Shea Couleé,BTM,0,1,0,0,0
1290,S09,10,S09E10,3,0,Trinity Taylor,WIN,0,1,0,0,0
1291,S09,10,S09E10,5,0,Alexis Michelle,LOW,0,1,0,0,0
1292,S09,10,S09E10,6,0,Nina Bo'nina Brown,BTM,1,1,0,0,0
1293,S09,10,S09E10,7,1,Valentina,NA,NA,0,NA,0,0
1294,S09,10,S09E10,8,0,Farrah Moan,NA,NA,0,NA,0,0
1295,S09,10,S09E10,9,0,Aja,NA,NA,0,NA,0,0
1296,S09,10,S09E10,10,0,Cynthia Lee Fontaine,NA,NA,0,NA,0,0
1297,S09,10,S09E10,11,0,Eureka O'Hara,NA,NA,0,NA,0,0
1298,S09,10,S09E10,12,0,Charlie Hides,NA,NA,0,NA,0,0
1299,S09,10,S09E10,13,0,Kimora Blac,NA,NA,0,NA,0,0
1300,S09,10,S09E10,14,0,Jaymes Mansfield,NA,NA,0,NA,0,0
1301,S09,11,S09E11,1,0,Sasha Velour,HIGH,0,1,1,0,0
1302,S09,11,S09E11,2,0,Peppermint,BTM,0,1,0,0,0
1303,S09,11,S09E11,3,0,Shea Couleé,WIN,0,1,0,0,0
1304,S09,11,S09E11,3,0,Trinity Taylor,LOW,0,1,0,0,0
1305,S09,11,S09E11,5,0,Alexis Michelle,BTM,1,1,0,0,0
1306,S09,11,S09E11,6,0,Nina Bo'nina Brown,NA,NA,0,NA,0,0
1307,S09,11,S09E11,7,1,Valentina,NA,NA,0,NA,0,0
1308,S09,11,S09E11,8,0,Farrah Moan,NA,NA,0,NA,0,0
1309,S09,11,S09E11,9,0,Aja,NA,NA,0,NA,0,0
1310,S09,11,S09E11,10,0,Cynthia Lee Fontaine,NA,NA,0,NA,0,0
1311,S09,11,S09E11,11,0,Eureka O'Hara,NA,NA,0,NA,0,0
1312,S09,11,S09E11,12,0,Charlie Hides,NA,NA,0,NA,0,0
1313,S09,11,S09E11,13,0,Kimora Blac,NA,NA,0,NA,0,0
1314,S09,11,S09E11,14,0,Jaymes Mansfield,NA,NA,0,NA,0,0
1315,S09,14,S09E14,1,0,Sasha Velour,WIN,0,1,0,1,0
1316,S09,14,S09E14,2,0,Peppermint,LOST3RD ROUND,0,1,0,1,0
1317,S09,14,S09E14,3,0,Shea Couleé,LOST2ND ROUND,0,1,0,1,0
1318,S09,14,S09E14,3,0,Trinity Taylor,LOST1ST ROUND,0,1,0,1,0
1319,S09,14,S09E14,5,0,Alexis Michelle,NA,NA,0,NA,1,0
1320,S09,14,S09E14,6,0,Nina Bo'nina Brown,NA,NA,0,NA,1,0
1321,S09,14,S09E14,7,1,Valentina,NA,NA,0,NA,1,0
1322,S09,14,S09E14,8,0,Farrah Moan,NA,NA,0,NA,1,0
1323,S09,14,S09E14,9,0,Aja,NA,NA,0,NA,1,0
1324,S09,14,S09E14,10,0,Cynthia Lee Fontaine,NA,NA,0,NA,1,0
1325,S09,14,S09E14,11,0,Eureka O'Hara,NA,NA,0,NA,1,0
1326,S09,14,S09E14,12,0,Charlie Hides,NA,NA,0,NA,1,0
1327,S09,14,S09E14,13,0,Kimora Blac,NA,NA,0,NA,1,0
1328,S09,14,S09E14,14,0,Jaymes Mansfield,NA,NA,0,NA,1,0
1329,S10,1,S10E1,1,0,Aquaria,SAFE,0,1,0,0,0
1330,S10,1,S10E1,2,0,Eureka O'Hara,SAFE,0,1,0,0,0
1331,S10,1,S10E1,2,0,Kameron Michaels,SAFE,0,1,0,0,0
1332,S10,1,S10E1,4,0,Asia O'Hara,SAFE,0,1,0,0,0
1333,S10,1,S10E1,5,0,Miz Cracker,HIGH,0,1,0,0,0
1334,S10,1,S10E1,6,1,Monét X Change,SAFE,0,1,1,0,0
1335,S10,1,S10E1,7,0,The Vixen,SAFE,0,1,0,0,0
1336,S10,1,S10E1,8,0,Monique Heart,SAFE,0,1,0,0,0
1337,S10,1,S10E1,9,0,Blair St. Clair,HIGH,0,1,0,0,0
1338,S10,1,S10E1,10,0,Mayhem Miller,WIN,0,1,0,0,0
1339,S10,1,S10E1,11,0,Dusty Ray Bottoms,LOW,0,1,0,0,0
1340,S10,1,S10E1,12,0,Yuhua Hamasaki,HIGH,0,1,0,0,0
1341,S10,1,S10E1,13,0,Kalorie Karbdashian Williams,BTM,0,1,0,0,0
1342,S10,1,S10E1,14,0,Vanessa Vanjie Mateo,BTM,1,1,0,0,0
1343,S10,2,S10E2,1,0,Aquaria,SAFE,0,1,0,0,0
1344,S10,2,S10E2,2,0,Eureka O'Hara,BTM,0,1,0,0,0
1345,S10,2,S10E2,2,0,Kameron Michaels,SAFE,0,1,0,0,0
1346,S10,2,S10E2,4,0,Asia O'Hara,HIGH,0,1,0,0,0
1347,S10,2,S10E2,5,0,Miz Cracker,SAFE,0,1,0,0,0
1348,S10,2,S10E2,6,1,Monét X Change,SAFE,0,1,0,0,0
1349,S10,2,S10E2,7,0,The Vixen,WIN,0,1,0,0,0
1350,S10,2,S10E2,8,0,Monique Heart,LOW,0,1,0,0,0
1351,S10,2,S10E2,9,0,Blair St. Clair,SAFE,0,1,0,0,0
1352,S10,2,S10E2,10,0,Mayhem Miller,SAFE,0,1,0,0,0
1353,S10,2,S10E2,11,0,Dusty Ray Bottoms,HIGH,0,1,0,0,0
1354,S10,2,S10E2,12,0,Yuhua Hamasaki,SAFE,0,1,0,0,0
1355,S10,2,S10E2,13,0,Kalorie Karbdashian Williams,BTM,1,1,0,0,0
1356,S10,2,S10E2,14,0,Vanessa Vanjie Mateo,NA,NA,0,NA,0,0
1357,S10,3,S10E3,1,0,Aquaria,SAFE,0,1,0,0,0
1358,S10,3,S10E3,2,0,Eureka O'Hara,HIGH,0,1,0,0,0
1359,S10,3,S10E3,2,0,Kameron Michaels,LOW,0,1,0,0,0
1360,S10,3,S10E3,4,0,Asia O'Hara,WIN,0,1,0,0,0
1361,S10,3,S10E3,5,0,Miz Cracker,SAFE,0,1,0,0,0
1362,S10,3,S10E3,6,1,Monét X Change,SAFE,0,1,0,0,0
1363,S10,3,S10E3,7,0,The Vixen,SAFE,0,1,0,0,0
1364,S10,3,S10E3,8,0,Monique Heart,SAFE,0,1,0,0,0
1365,S10,3,S10E3,9,0,Blair St. Clair,HIGH,0,1,0,0,0
1366,S10,3,S10E3,10,0,Mayhem Miller,BTM,0,1,0,0,0
1367,S10,3,S10E3,11,0,Dusty Ray Bottoms,SAFE,0,1,0,0,0
1368,S10,3,S10E3,12,0,Yuhua Hamasaki,BTM,1,1,0,0,0
1369,S10,3,S10E3,13,0,Kalorie Karbdashian Williams,NA,NA,0,NA,0,0
1370,S10,3,S10E3,14,0,Vanessa Vanjie Mateo,NA,NA,0,NA,0,0
1371,S10,4,S10E4,1,0,Aquaria,WIN,0,1,1,0,0
1372,S10,4,S10E4,2,0,Eureka O'Hara,SAFE,0,1,0,0,0
1373,S10,4,S10E4,2,0,Kameron Michaels,HIGH,0,1,0,0,0
1374,S10,4,S10E4,4,0,Asia O'Hara,LOW,0,1,0,0,0
1375,S10,4,S10E4,5,0,Miz Cracker,HIGH,0,1,0,0,0
1376,S10,4,S10E4,6,1,Monét X Change,BTM,0,1,0,0,0
1377,S10,4,S10E4,7,0,The Vixen,SAFE,0,1,0,0,0
1378,S10,4,S10E4,8,0,Monique Heart,SAFE,0,1,0,0,0
1379,S10,4,S10E4,9,0,Blair St. Clair,SAFE,0,1,0,0,0
1380,S10,4,S10E4,10,0,Mayhem Miller,SAFE,0,1,0,0,0
1381,S10,4,S10E4,11,0,Dusty Ray Bottoms,BTM,1,1,0,0,0
1382,S10,4,S10E4,12,0,Yuhua Hamasaki,NA,NA,0,NA,0,0
1383,S10,4,S10E4,13,0,Kalorie Karbdashian Williams,NA,NA,0,NA,0,0
1384,S10,4,S10E4,14,0,Vanessa Vanjie Mateo,NA,NA,0,NA,0,0
1385,S10,5,S10E5,1,0,Aquaria,SAFE,0,1,0,0,0
1386,S10,5,S10E5,2,0,Eureka O'Hara,WIN,0,1,0,0,0
1387,S10,5,S10E5,2,0,Kameron Michaels,SAFE,0,1,0,0,0
1388,S10,5,S10E5,4,0,Asia O'Hara,SAFE,0,1,0,0,0
1389,S10,5,S10E5,5,0,Miz Cracker,HIGH,0,1,0,0,0
1390,S10,5,S10E5,6,1,Monét X Change,BTM,0,1,0,0,0
1391,S10,5,S10E5,7,0,The Vixen,LOW,0,1,1,0,0
1392,S10,5,S10E5,8,0,Monique Heart,HIGH,0,1,0,0,0
1393,S10,5,S10E5,9,0,Blair St. Clair,SAFE,0,1,0,0,0
1394,S10,5,S10E5,10,0,Mayhem Miller,BTM,1,1,0,0,0
1395,S10,5,S10E5,11,0,Dusty Ray Bottoms,NA,NA,0,NA,0,0
1396,S10,5,S10E5,12,0,Yuhua Hamasaki,NA,NA,0,NA,0,0
1397,S10,5,S10E5,13,0,Kalorie Karbdashian Williams,NA,NA,0,NA,0,0
1398,S10,5,S10E5,14,0,Vanessa Vanjie Mateo,NA,NA,0,NA,0,0
1399,S10,6,S10E6,1,0,Aquaria,SAFE,0,1,0,0,0
1400,S10,6,S10E6,2,0,Eureka O'Hara,WIN,0,1,0,0,0
1401,S10,6,S10E6,2,0,Kameron Michaels,HIGH,0,1,0,0,0
1402,S10,6,S10E6,4,0,Asia O'Hara,SAFE,0,1,1,0,0
1403,S10,6,S10E6,5,0,Miz Cracker,LOW,0,1,0,0,0
1404,S10,6,S10E6,6,1,Monét X Change,HIGH,0,1,0,0,0
1405,S10,6,S10E6,7,0,The Vixen,BTM,0,1,0,0,0
1406,S10,6,S10E6,8,0,Monique Heart,SAFE,0,1,0,0,0
1407,S10,6,S10E6,9,0,Blair St. Clair,BTM,1,1,0,0,0
1408,S10,6,S10E6,10,0,Mayhem Miller,NA,NA,0,NA,0,0
1409,S10,6,S10E6,11,0,Dusty Ray Bottoms,NA,NA,0,NA,0,0
1410,S10,6,S10E6,12,0,Yuhua Hamasaki,NA,NA,0,NA,0,0
1411,S10,6,S10E6,13,0,Kalorie Karbdashian Williams,NA,NA,0,NA,0,0
1412,S10,6,S10E6,14,0,Vanessa Vanjie Mateo,NA,NA,0,NA,0,0
1413,S10,7,S10E7,1,0,Aquaria,WIN,0,1,0,0,0
1414,S10,7,S10E7,2,0,Eureka O'Hara,HIGH,0,1,1,0,0
1415,S10,7,S10E7,2,0,Kameron Michaels,SAFE,0,1,0,0,0
1416,S10,7,S10E7,4,0,Asia O'Hara,LOW,0,1,0,0,0
1417,S10,7,S10E7,5,0,Miz Cracker,SAFE,0,1,0,0,0
1418,S10,7,S10E7,6,1,Monét X Change,HIGH,0,1,0,0,0
1419,S10,7,S10E7,7,0,The Vixen,BTM,0,1,0,0,0
1420,S10,7,S10E7,8,0,Monique Heart,BTM,1,1,0,0,0
1421,S10,7,S10E7,9,0,Blair St. Clair,NA,NA,0,NA,0,0
1422,S10,7,S10E7,10,0,Mayhem Miller,NA,NA,0,NA,0,0
1423,S10,7,S10E7,11,0,Dusty Ray Bottoms,NA,NA,0,NA,0,0
1424,S10,7,S10E7,12,0,Yuhua Hamasaki,NA,NA,0,NA,0,0
1425,S10,7,S10E7,13,0,Kalorie Karbdashian Williams,NA,NA,0,NA,0,0
1426,S10,7,S10E7,14,0,Vanessa Vanjie Mateo,NA,NA,0,NA,0,0
1427,S10,8,S10E8,1,0,Aquaria,LOW,0,1,0,0,0
1428,S10,8,S10E8,2,0,Eureka O'Hara,SAFE,0,1,0,0,0
1429,S10,8,S10E8,2,0,Kameron Michaels,WIN,0,1,0,0,0
1430,S10,8,S10E8,4,0,Asia O'Hara,BTM,0,1,1,0,0
1431,S10,8,S10E8,5,0,Miz Cracker,SAFE,0,1,0,0,0
1432,S10,8,S10E8,6,1,Monét X Change,HIGH,0,1,0,0,0
1433,S10,8,S10E8,7,0,The Vixen,BTM,1,1,0,0,0
1434,S10,8,S10E8,8,0,Monique Heart,NA,NA,0,NA,0,0
1435,S10,8,S10E8,9,0,Blair St. Clair,NA,NA,0,NA,0,0
1436,S10,8,S10E8,10,0,Mayhem Miller,NA,NA,0,NA,0,0
1437,S10,8,S10E8,11,0,Dusty Ray Bottoms,NA,NA,0,NA,0,0
1438,S10,8,S10E8,12,0,Yuhua Hamasaki,NA,NA,0,NA,0,0
1439,S10,8,S10E8,13,0,Kalorie Karbdashian Williams,NA,NA,0,NA,0,0
1440,S10,8,S10E8,14,0,Vanessa Vanjie Mateo,NA,NA,0,NA,0,0
1441,S10,9,S10E9,1,0,Aquaria,HIGH,0,1,1,0,0
1442,S10,9,S10E9,2,0,Eureka O'Hara,BTM,0,1,0,0,0
1443,S10,9,S10E9,2,0,Kameron Michaels,BTM,0,1,0,0,0
1444,S10,9,S10E9,4,0,Asia O'Hara,WIN,0,1,0,0,0
1445,S10,9,S10E9,5,0,Miz Cracker,LOW,0,1,0,0,0
1446,S10,9,S10E9,6,1,Monét X Change,HIGH,0,1,0,0,0
1447,S10,9,S10E9,7,0,The Vixen,NA,NA,0,NA,0,0
1448,S10,9,S10E9,8,0,Monique Heart,NA,NA,0,NA,0,0
1449,S10,9,S10E9,9,0,Blair St. Clair,NA,NA,0,NA,0,0
1450,S10,9,S10E9,10,0,Mayhem Miller,NA,NA,0,NA,0,0
1451,S10,9,S10E9,11,0,Dusty Ray Bottoms,NA,NA,0,NA,0,0
1452,S10,9,S10E9,12,0,Yuhua Hamasaki,NA,NA,0,NA,0,0
1453,S10,9,S10E9,13,0,Kalorie Karbdashian Williams,NA,NA,0,NA,0,0
1454,S10,9,S10E9,14,0,Vanessa Vanjie Mateo,NA,NA,0,NA,0,0
1455,S10,10,S10E10,1,0,Aquaria,LOW,0,1,0,0,0
1456,S10,10,S10E10,2,0,Eureka O'Hara,HIGH,0,1,1,0,0
1457,S10,10,S10E10,2,0,Kameron Michaels,BTM,0,1,0,0,0
1458,S10,10,S10E10,4,0,Asia O'Hara,HIGH,0,1,0,0,0
1459,S10,10,S10E10,5,0,Miz Cracker,WIN,0,1,0,0,0
1460,S10,10,S10E10,6,1,Monét X Change,BTM,1,1,0,0,0
1461,S10,10,S10E10,7,0,The Vixen,NA,NA,0,NA,0,0
1462,S10,10,S10E10,8,0,Monique Heart,NA,NA,0,NA,0,0
1463,S10,10,S10E10,9,0,Blair St. Clair,NA,NA,0,NA,0,0
1464,S10,10,S10E10,10,0,Mayhem Miller,NA,NA,0,NA,0,0
1465,S10,10,S10E10,11,0,Dusty Ray Bottoms,NA,NA,0,NA,0,0
1466,S10,10,S10E10,12,0,Yuhua Hamasaki,NA,NA,0,NA,0,0
1467,S10,10,S10E10,13,0,Kalorie Karbdashian Williams,NA,NA,0,NA,0,0
1468,S10,10,S10E10,14,0,Vanessa Vanjie Mateo,NA,NA,0,NA,0,0
1469,S10,11,S10E11,1,0,Aquaria,WIN,0,1,0,0,0
1470,S10,11,S10E11,2,0,Eureka O'Hara,HIGH,0,1,0,0,0
1471,S10,11,S10E11,2,0,Kameron Michaels,BTM,0,1,0,0,0
1472,S10,11,S10E11,4,0,Asia O'Hara,HIGH,0,1,1,0,0
1473,S10,11,S10E11,5,0,Miz Cracker,BTM,1,1,0,0,0
1474,S10,11,S10E11,6,1,Monét X Change,NA,NA,0,NA,0,0
1475,S10,11,S10E11,7,0,The Vixen,NA,NA,0,NA,0,0
1476,S10,11,S10E11,8,0,Monique Heart,NA,NA,0,NA,0,0
1477,S10,11,S10E11,9,0,Blair St. Clair,NA,NA,0,NA,0,0
1478,S10,11,S10E11,10,0,Mayhem Miller,NA,NA,0,NA,0,0
1479,S10,11,S10E11,11,0,Dusty Ray Bottoms,NA,NA,0,NA,0,0
1480,S10,11,S10E11,12,0,Yuhua Hamasaki,NA,NA,0,NA,0,0
1481,S10,11,S10E11,13,0,Kalorie Karbdashian Williams,NA,NA,0,NA,0,0
1482,S10,11,S10E11,14,0,Vanessa Vanjie Mateo,NA,NA,0,NA,0,0
1483,S10,14,S10E14,1,0,Aquaria,WIN,0,1,0,1,0
1484,S10,14,S10E14,2,0,Eureka O'Hara,LOST3RD ROUND,0,1,0,1,0
1485,S10,14,S10E14,2,0,Kameron Michaels,LOST3RD ROUND,0,1,0,1,0
1486,S10,14,S10E14,4,0,Asia O'Hara,LOST1ST ROUND,0,1,0,1,0
1487,S10,14,S10E14,5,0,Miz Cracker,NA,NA,0,NA,1,0
1488,S10,14,S10E14,6,1,Monét X Change,NA,NA,0,NA,1,0
1489,S10,14,S10E14,7,0,The Vixen,NA,NA,0,NA,1,0
1490,S10,14,S10E14,8,0,Monique Heart,NA,NA,0,NA,1,0
1491,S10,14,S10E14,9,0,Blair St. Clair,NA,NA,0,NA,1,0
1492,S10,14,S10E14,10,0,Mayhem Miller,NA,NA,0,NA,1,0
1493,S10,14,S10E14,11,0,Dusty Ray Bottoms,NA,NA,0,NA,1,0
1494,S10,14,S10E14,12,0,Yuhua Hamasaki,NA,NA,0,NA,1,0
1495,S10,14,S10E14,13,0,Kalorie Karbdashian Williams,NA,NA,0,NA,1,0
1496,S10,14,S10E14,14,0,Vanessa Vanjie Mateo,NA,NA,0,NA,1,0
1497,S11,1,S11E1,1,0,Yvie Oddly,SAFE,0,1,0,0,0
1498,S11,1,S11E1,2,0,Brooke Lynn Hytes,WIN,0,1,0,0,0
1499,S11,1,S11E1,3,0,A'Keria C. Davenport,HIGH,0,1,0,0,0
1500,S11,1,S11E1,3,0,Silky Nutmeg Ganache,SAFE,0,1,0,0,0
1501,S11,1,S11E1,5,0,Vanessa Vanjie Mateo,HIGH,0,1,0,0,0
1502,S11,1,S11E1,6,1,Nina West,LOW,0,1,0,0,0
1503,S11,1,S11E1,7,0,Shuga Cain,SAFE,0,1,0,0,0
1504,S11,1,S11E1,8,0,Plastique Tiara,HIGH,0,1,0,0,0
1505,S11,1,S11E1,9,0,Ra'Jah O'Hara,SAFE,0,1,0,0,0
1506,S11,1,S11E1,10,0,Scarlet Envy,SAFE,0,1,0,0,0
1507,S11,1,S11E1,11,0,Ariel Versace,SAFE,0,1,0,0,0
1508,S11,1,S11E1,11,0,Mercedes Iman Diamond,LOW,0,1,0,0,0
1509,S11,1,S11E1,13,0,Honey Davenport,SAFE,0,1,0,0,0
1510,S11,1,S11E1,14,0,Kahanna Montrese,BTM,0,1,0,0,0
1511,S11,1,S11E1,15,0,Soju,BTM,1,1,0,0,0
1512,S11,2,S11E2,1,0,Yvie Oddly,WIN,0,1,0,0,0
1513,S11,2,S11E2,2,0,Brooke Lynn Hytes,LOW,0,1,0,0,0
1514,S11,2,S11E2,3,0,A'Keria C. Davenport,SAFE,0,1,0,0,0
1515,S11,2,S11E2,3,0,Silky Nutmeg Ganache,SAFE,0,1,0,0,0
1516,S11,2,S11E2,5,0,Vanessa Vanjie Mateo,SAFE,0,1,0,0,0
1517,S11,2,S11E2,6,1,Nina West,SAFE,0,1,0,0,0
1518,S11,2,S11E2,7,0,Shuga Cain,HIGH,0,1,0,0,0
1519,S11,2,S11E2,8,0,Plastique Tiara,HIGH,0,1,0,0,0
1520,S11,2,S11E2,9,0,Ra'Jah O'Hara,SAFE,0,1,0,0,0
1521,S11,2,S11E2,10,0,Scarlet Envy,WIN,0,1,0,0,0
1522,S11,2,S11E2,11,0,Ariel Versace,LOW,0,1,0,0,0
1523,S11,2,S11E2,11,0,Mercedes Iman Diamond,BTM,0,1,0,0,0
1524,S11,2,S11E2,13,0,Honey Davenport,SAFE,0,1,0,0,0
1525,S11,2,S11E2,14,0,Kahanna Montrese,BTM,1,1,0,0,0
1526,S11,2,S11E2,15,0,Soju,NA,NA,0,NA,0,0
1527,S11,3,S11E3,1,0,Yvie Oddly,SAFE,0,1,0,0,0
1528,S11,3,S11E3,2,0,Brooke Lynn Hytes,SAFE,0,1,0,0,0
1529,S11,3,S11E3,3,0,A'Keria C. Davenport,BTM,0,1,0,0,0
1530,S11,3,S11E3,3,0,Silky Nutmeg Ganache,SAFE,0,1,0,0,0
1531,S11,3,S11E3,5,0,Vanessa Vanjie Mateo,HIGH,0,1,0,0,0
1532,S11,3,S11E3,6,1,Nina West,WIN,0,1,0,0,0
1533,S11,3,S11E3,7,0,Shuga Cain,BTM,0,1,0,0,0
1534,S11,3,S11E3,8,0,Plastique Tiara,BTM,0,1,0,0,0
1535,S11,3,S11E3,9,0,Ra'Jah O'Hara,BTM,0,1,0,0,0
1536,S11,3,S11E3,10,0,Scarlet Envy,BTM,0,1,0,0,0
1537,S11,3,S11E3,11,0,Ariel Versace,SAFE,0,1,0,0,0
1538,S11,3,S11E3,11,0,Mercedes Iman Diamond,SAFE,0,1,0,0,0
1539,S11,3,S11E3,13,0,Honey Davenport,BTM,1,1,0,0,0
1540,S11,3,S11E3,14,0,Kahanna Montrese,NA,NA,0,NA,0,0
1541,S11,3,S11E3,15,0,Soju,NA,NA,0,NA,0,0
1542,S11,4,S11E4,1,0,Yvie Oddly,HIGH,0,1,0,0,0
1543,S11,4,S11E4,2,0,Brooke Lynn Hytes,HIGH,0,1,0,0,0
1544,S11,4,S11E4,3,0,A'Keria C. Davenport,SAFE,0,1,0,0,0
1545,S11,4,S11E4,3,0,Silky Nutmeg Ganache,WIN,0,1,0,0,0
1546,S11,4,S11E4,5,0,Vanessa Vanjie Mateo,LOW,0,1,0,0,0
1547,S11,4,S11E4,6,1,Nina West,SAFE,0,1,0,0,0
1548,S11,4,S11E4,7,0,Shuga Cain,SAFE,0,1,0,0,0
1549,S11,4,S11E4,8,0,Plastique Tiara,SAFE,0,1,0,0,0
1550,S11,4,S11E4,9,0,Ra'Jah O'Hara,BTM,0,1,0,0,0
1551,S11,4,S11E4,10,0,Scarlet Envy,SAFE,0,1,0,0,0
1552,S11,4,S11E4,11,0,Ariel Versace,SAFE,0,1,0,0,0
1553,S11,4,S11E4,11,0,Mercedes Iman Diamond,BTM,1,1,0,0,0
1554,S11,4,S11E4,13,0,Honey Davenport,NA,NA,0,NA,0,0
1555,S11,4,S11E4,14,0,Kahanna Montrese,NA,NA,0,NA,0,0
1556,S11,4,S11E4,15,0,Soju,NA,NA,0,NA,0,0
1557,S11,5,S11E5,1,0,Yvie Oddly,HIGH,0,1,0,0,0
1558,S11,5,S11E5,2,0,Brooke Lynn Hytes,WIN,0,1,0,0,0
1559,S11,5,S11E5,3,0,A'Keria C. Davenport,SAFE,0,1,0,0,0
1560,S11,5,S11E5,3,0,Silky Nutmeg Ganache,LOW,0,1,0,0,0
1561,S11,5,S11E5,5,0,Vanessa Vanjie Mateo,SAFE,0,1,0,0,0
1562,S11,5,S11E5,6,1,Nina West,SAFE,0,1,0,0,0
1563,S11,5,S11E5,7,0,Shuga Cain,BTM,0,1,0,0,0
1564,S11,5,S11E5,8,0,Plastique Tiara,HIGH,0,1,0,0,0
1565,S11,5,S11E5,9,0,Ra'Jah O'Hara,SAFE,0,1,0,0,0
1566,S11,5,S11E5,10,0,Scarlet Envy,SAFE,0,1,0,0,0
1567,S11,5,S11E5,11,0,Ariel Versace,BTM,1,1,0,0,0
1568,S11,5,S11E5,11,0,Mercedes Iman Diamond,NA,NA,0,NA,0,0
1569,S11,5,S11E5,13,0,Honey Davenport,NA,NA,0,NA,0,0
1570,S11,5,S11E5,14,0,Kahanna Montrese,NA,NA,0,NA,0,0
1571,S11,5,S11E5,15,0,Soju,NA,NA,0,NA,0,0
1572,S11,6,S11E6,1,0,Yvie Oddly,SAFE,0,1,0,0,0
1573,S11,6,S11E6,2,0,Brooke Lynn Hytes,SAFE,0,1,0,0,0
1574,S11,6,S11E6,3,0,A'Keria C. Davenport,WIN,0,1,0,0,0
1575,S11,6,S11E6,3,0,Silky Nutmeg Ganache,SAFE,0,1,0,0,0
1576,S11,6,S11E6,5,0,Vanessa Vanjie Mateo,SAFE,0,1,0,0,0
1577,S11,6,S11E6,6,1,Nina West,LOW,0,1,0,0,0
1578,S11,6,S11E6,7,0,Shuga Cain,SAFE,0,1,0,0,0
1579,S11,6,S11E6,8,0,Plastique Tiara,HIGH,0,1,0,0,0
1580,S11,6,S11E6,9,0,Ra'Jah O'Hara,BTM,0,1,0,0,0
1581,S11,6,S11E6,10,0,Scarlet Envy,BTM,1,1,0,0,0
1582,S11,6,S11E6,11,0,Ariel Versace,NA,NA,0,NA,0,0
1583,S11,6,S11E6,11,0,Mercedes Iman Diamond,NA,NA,0,NA,0,0
1584,S11,6,S11E6,13,0,Honey Davenport,NA,NA,0,NA,0,0
1585,S11,6,S11E6,14,0,Kahanna Montrese,NA,NA,0,NA,0,0
1586,S11,6,S11E6,15,0,Soju,NA,NA,0,NA,0,0
1587,S11,7,S11E7,1,0,Yvie Oddly,HIGH,0,1,0,0,0
1588,S11,7,S11E7,2,0,Brooke Lynn Hytes,HIGH,0,1,0,0,0
1589,S11,7,S11E7,3,0,A'Keria C. Davenport,BTM,0,1,0,0,0
1590,S11,7,S11E7,3,0,Silky Nutmeg Ganache,SAFE,0,1,0,0,0
1591,S11,7,S11E7,5,0,Vanessa Vanjie Mateo,SAFE,0,1,0,0,0
1592,S11,7,S11E7,6,1,Nina West,LOW,0,1,0,0,0
1593,S11,7,S11E7,7,0,Shuga Cain,SAFE,0,1,0,0,0
1594,S11,7,S11E7,8,0,Plastique Tiara,WIN,0,1,0,0,0
1595,S11,7,S11E7,9,0,Ra'Jah O'Hara,BTM,1,1,0,0,0
1596,S11,7,S11E7,10,0,Scarlet Envy,NA,NA,0,NA,0,0
1597,S11,7,S11E7,11,0,Ariel Versace,NA,NA,0,NA,0,0
1598,S11,7,S11E7,11,0,Mercedes Iman Diamond,NA,NA,0,NA,0,0
1599,S11,7,S11E7,13,0,Honey Davenport,NA,NA,0,NA,0,0
1600,S11,7,S11E7,14,0,Kahanna Montrese,NA,NA,0,NA,0,0
1601,S11,7,S11E7,15,0,Soju,NA,NA,0,NA,0,0
1602,S11,8,S11E8,1,0,Yvie Oddly,BTM,0,1,0,0,0
1603,S11,8,S11E8,2,0,Brooke Lynn Hytes,BTM,0,1,0,0,0
1604,S11,8,S11E8,3,0,A'Keria C. Davenport,SAFE,0,1,0,0,0
1605,S11,8,S11E8,3,0,Silky Nutmeg Ganache,WIN,0,1,0,0,0
1606,S11,8,S11E8,5,0,Vanessa Vanjie Mateo,LOW,0,1,0,0,0
1607,S11,8,S11E8,6,1,Nina West,HIGH,0,1,0,0,0
1608,S11,8,S11E8,7,0,Shuga Cain,HIGH,0,1,0,0,0
1609,S11,8,S11E8,8,0,Plastique Tiara,SAFE,0,1,0,0,0
1610,S11,8,S11E8,9,0,Ra'Jah O'Hara,NA,NA,0,NA,0,0
1611,S11,8,S11E8,10,0,Scarlet Envy,NA,NA,0,NA,0,0
1612,S11,8,S11E8,11,0,Ariel Versace,NA,NA,0,NA,0,0
1613,S11,8,S11E8,11,0,Mercedes Iman Diamond,NA,NA,0,NA,0,0
1614,S11,8,S11E8,13,0,Honey Davenport,NA,NA,0,NA,0,0
1615,S11,8,S11E8,14,0,Kahanna Montrese,NA,NA,0,NA,0,0
1616,S11,8,S11E8,15,0,Soju,NA,NA,0,NA,0,0
1617,S11,9,S11E9,1,0,Yvie Oddly,SAFE,0,1,0,0,0
1618,S11,9,S11E9,2,0,Brooke Lynn Hytes,HIGH,0,1,0,0,0
1619,S11,9,S11E9,3,0,A'Keria C. Davenport,WIN,0,1,0,0,0
1620,S11,9,S11E9,3,0,Silky Nutmeg Ganache,HIGH,0,1,0,0,0
1621,S11,9,S11E9,5,0,Vanessa Vanjie Mateo,BTM,0,1,0,0,0
1622,S11,9,S11E9,6,1,Nina West,SAFE,0,1,0,0,0
1623,S11,9,S11E9,7,0,Shuga Cain,LOW,0,1,0,0,0
1624,S11,9,S11E9,8,0,Plastique Tiara,BTM,1,1,0,0,0
1625,S11,9,S11E9,9,0,Ra'Jah O'Hara,NA,NA,0,NA,0,0
1626,S11,9,S11E9,10,0,Scarlet Envy,NA,NA,0,NA,0,0
1627,S11,9,S11E9,11,0,Ariel Versace,NA,NA,0,NA,0,0
1628,S11,9,S11E9,11,0,Mercedes Iman Diamond,NA,NA,0,NA,0,0
1629,S11,9,S11E9,13,0,Honey Davenport,NA,NA,0,NA,0,0
1630,S11,9,S11E9,14,0,Kahanna Montrese,NA,NA,0,NA,0,0
1631,S11,9,S11E9,15,0,Soju,NA,NA,0,NA,0,0
1632,S11,10,S11E10,1,0,Yvie Oddly,SAFE,0,1,0,0,0
1633,S11,10,S11E10,2,0,Brooke Lynn Hytes,HIGH,0,1,0,0,0
1634,S11,10,S11E10,3,0,A'Keria C. Davenport,SAFE,0,1,0,0,0
1635,S11,10,S11E10,3,0,Silky Nutmeg Ganache,LOW,0,1,0,0,0
1636,S11,10,S11E10,5,0,Vanessa Vanjie Mateo,BTM,0,1,0,0,0
1637,S11,10,S11E10,6,1,Nina West,WIN,0,1,0,0,0
1638,S11,10,S11E10,7,0,Shuga Cain,BTM,1,1,0,0,0
1639,S11,10,S11E10,8,0,Plastique Tiara,NA,NA,0,NA,0,0
1640,S11,10,S11E10,9,0,Ra'Jah O'Hara,NA,NA,0,NA,0,0
1641,S11,10,S11E10,10,0,Scarlet Envy,NA,NA,0,NA,0,0
1642,S11,10,S11E10,11,0,Ariel Versace,NA,NA,0,NA,0,0
1643,S11,10,S11E10,11,0,Mercedes Iman Diamond,NA,NA,0,NA,0,0
1644,S11,10,S11E10,13,0,Honey Davenport,NA,NA,0,NA,0,0
1645,S11,10,S11E10,14,0,Kahanna Montrese,NA,NA,0,NA,0,0
1646,S11,10,S11E10,15,0,Soju,NA,NA,0,NA,0,0
1647,S11,11,S11E11,1,0,Yvie Oddly,LOW,0,1,0,0,0
1648,S11,11,S11E11,2,0,Brooke Lynn Hytes,WIN,0,1,0,0,0
1649,S11,11,S11E11,3,0,A'Keria C. Davenport,HIGH,0,1,0,0,0
1650,S11,11,S11E11,3,0,Silky Nutmeg Ganache,BTM,0,1,0,0,0
1651,S11,11,S11E11,5,0,Vanessa Vanjie Mateo,HIGH,0,1,0,0,0
1652,S11,11,S11E11,6,1,Nina West,BTM,1,1,0,0,0
1653,S11,11,S11E11,7,0,Shuga Cain,NA,NA,0,NA,0,0
1654,S11,11,S11E11,8,0,Plastique Tiara,NA,NA,0,NA,0,0
1655,S11,11,S11E11,9,0,Ra'Jah O'Hara,NA,NA,0,NA,0,0
1656,S11,11,S11E11,10,0,Scarlet Envy,NA,NA,0,NA,0,0
1657,S11,11,S11E11,11,0,Ariel Versace,NA,NA,0,NA,0,0
1658,S11,11,S11E11,11,0,Mercedes Iman Diamond,NA,NA,0,NA,0,0
1659,S11,11,S11E11,13,0,Honey Davenport,NA,NA,0,NA,0,0
1660,S11,11,S11E11,14,0,Kahanna Montrese,NA,NA,0,NA,0,0
1661,S11,11,S11E11,15,0,Soju,NA,NA,0,NA,0,0
1662,S11,12,S11E12,1,0,Yvie Oddly,SAFE,0,1,0,0,0
1663,S11,12,S11E12,2,0,Brooke Lynn Hytes,BTM,0,1,0,0,0
1664,S11,12,S11E12,3,0,A'Keria C. Davenport,SAFE,0,1,0,0,0
1665,S11,12,S11E12,3,0,Silky Nutmeg Ganache,SAFE,0,1,0,0,0
1666,S11,12,S11E12,5,0,Vanessa Vanjie Mateo,BTM,1,1,0,0,0
1667,S11,12,S11E12,6,1,Nina West,NA,NA,0,NA,0,0
1668,S11,12,S11E12,7,0,Shuga Cain,NA,NA,0,NA,0,0
1669,S11,12,S11E12,8,0,Plastique Tiara,NA,NA,0,NA,0,0
1670,S11,12,S11E12,9,0,Ra'Jah O'Hara,NA,NA,0,NA,0,0
1671,S11,12,S11E12,10,0,Scarlet Envy,NA,NA,0,NA,0,0
1672,S11,12,S11E12,11,0,Ariel Versace,NA,NA,0,NA,0,0
1673,S11,12,S11E12,11,0,Mercedes Iman Diamond,NA,NA,0,NA,0,0
1674,S11,12,S11E12,13,0,Honey Davenport,NA,NA,0,NA,0,0
1675,S11,12,S11E12,14,0,Kahanna Montrese,NA,NA,0,NA,0,0
1676,S11,12,S11E12,15,0,Soju,NA,NA,0,NA,0,0
1677,S11,13,S11E13,1,0,Yvie Oddly,RUNNING,0,1,0,0,0
1678,S11,13,S11E13,2,0,Brooke Lynn Hytes,RUNNING,0,1,0,0,0
1679,S11,13,S11E13,3,0,A'Keria C. Davenport,RUNNING,0,1,0,0,0
1680,S11,13,S11E13,3,0,Silky Nutmeg Ganache,RUNNING,0,1,0,0,0
1681,S11,13,S11E13,5,0,Vanessa Vanjie Mateo,RTRN,0,1,0,0,0
1682,S11,13,S11E13,6,1,Nina West,RTRN,0,1,0,0,0
1683,S11,13,S11E13,7,0,Shuga Cain,RTRN,0,1,0,0,0
1684,S11,13,S11E13,8,0,Plastique Tiara,RTRN,0,1,0,0,0
1685,S11,13,S11E13,9,0,Ra'Jah O'Hara,RTRN,0,1,0,0,0
1686,S11,13,S11E13,10,0,Scarlet Envy,RTRN,0,1,0,0,0
1687,S11,13,S11E13,11,0,Ariel Versace,RTRN,0,1,0,0,0
1688,S11,13,S11E13,11,0,Mercedes Iman Diamond,RTRN,0,1,0,0,0
1689,S11,13,S11E13,13,0,Honey Davenport,RTRN,0,1,0,0,0
1690,S11,13,S11E13,14,0,Kahanna Montrese,RTRN,0,1,0,0,0
1691,S11,13,S11E13,15,0,Soju,RTRN,0,1,0,0,0
1692,S11,14,S11E14,1,0,Yvie Oddly,WIN,0,1,0,1,0
1693,S11,14,S11E14,2,0,Brooke Lynn Hytes,LOST3RD ROUND,0,1,0,1,0
1694,S11,14,S11E14,3,0,A'Keria C. Davenport,LOST2ND ROUND,0,1,0,1,0
1695,S11,14,S11E14,3,0,Silky Nutmeg Ganache,LOST1ST ROUND,0,1,0,1,0
1696,S11,14,S11E14,5,0,Vanessa Vanjie Mateo,RTRN,0,1,0,1,0
1697,S11,14,S11E14,6,1,Nina West,MISSCON,0,1,0,1,0
1698,S11,14,S11E14,7,0,Shuga Cain,RTRN,0,1,0,1,0
1699,S11,14,S11E14,8,0,Plastique Tiara,RTRN,0,1,0,1,0
1700,S11,14,S11E14,9,0,Ra'Jah O'Hara,RTRN,0,1,0,1,0
1701,S11,14,S11E14,10,0,Scarlet Envy,RTRN,0,1,0,1,0
1702,S11,14,S11E14,11,0,Ariel Versace,RTRN,0,1,0,1,0
1703,S11,14,S11E14,11,0,Mercedes Iman Diamond,RTRN,0,1,0,1,0
1704,S11,14,S11E14,13,0,Honey Davenport,RTRN,0,1,0,1,0
1705,S11,14,S11E14,14,0,Kahanna Montrese,RTRN,0,1,0,1,0
1706,S11,14,S11E14,15,0,Soju,RTRN,0,1,0,1,0
1707,S12,1,S12E1,1,0,Jaida Essence Hall,NA,NA,0,NA,0,0
1708,S12,1,S12E1,2,0,Crystal Methyd,SAFE,0,1,0,0,0
1709,S12,1,S12E1,2,0,Gigi Goode,TOP2,0,1,0,0,0
1710,S12,1,S12E1,4,0,Jackie Cox,HIGH,0,1,0,0,0
1711,S12,1,S12E1,5,1,Heidi N Closet,LOW,0,1,0,0,0
1712,S12,1,S12E1,6,0,Widow Von'Du,WIN,0,1,0,0,0
1713,S12,1,S12E1,7,0,Jan,NA,NA,0,NA,0,0
1714,S12,1,S12E1,8,0,Brita,HIGH,0,1,0,0,0
1715,S12,1,S12E1,9,0,Aiden Zhane,NA,NA,0,NA,0,0
1716,S12,1,S12E1,10,0,Nicky Doll,LOW,0,1,0,0,0
1717,S12,1,S12E1,11,0,Rock M. Sakura,NA,NA,0,NA,0,0
1718,S12,1,S12E1,12,0,Dahlia Sin,NA,NA,0,NA,0,0
1719,S12,1,S12E1,NA,NA,Sherry Pie,NA,NA,0,NA,0,0
1720,S12,2,S12E2,1,0,Jaida Essence Hall,WIN,0,1,0,0,0
1721,S12,2,S12E2,2,0,Crystal Methyd,NA,NA,0,NA,0,0
1722,S12,2,S12E2,2,0,Gigi Goode,NA,NA,0,NA,0,0
1723,S12,2,S12E2,4,0,Jackie Cox,NA,NA,0,NA,0,0
1724,S12,2,S12E2,5,1,Heidi N Closet,NA,NA,0,NA,0,0
1725,S12,2,S12E2,6,0,Widow Von'Du,NA,NA,0,NA,0,0
1726,S12,2,S12E2,7,0,Jan,HIGH,0,1,0,0,0
1727,S12,2,S12E2,8,0,Brita,NA,NA,0,NA,0,0
1728,S12,2,S12E2,9,0,Aiden Zhane,HIGH,0,1,0,0,0
1729,S12,2,S12E2,10,0,Nicky Doll,NA,NA,0,NA,0,0
1730,S12,2,S12E2,11,0,Rock M. Sakura,LOW,0,1,0,0,0
1731,S12,2,S12E2,12,0,Dahlia Sin,LOW,0,1,0,0,0
1732,S12,2,S12E2,NA,NA,Sherry Pie,TOP2,0,1,0,0,0
1733,S12,3,S12E3,1,0,Jaida Essence Hall,SAFE,0,1,0,0,0
1734,S12,3,S12E3,2,0,Crystal Methyd,LOW,0,1,0,0,0
1735,S12,3,S12E3,2,0,Gigi Goode,SAFE,0,1,0,0,0
1736,S12,3,S12E3,4,0,Jackie Cox,HIGH,0,1,0,0,0
1737,S12,3,S12E3,5,1,Heidi N Closet,HIGH,0,1,0,0,0
1738,S12,3,S12E3,6,0,Widow Von'Du,SAFE,0,1,0,0,0
1739,S12,3,S12E3,7,0,Jan,SAFE,0,1,0,0,0
1740,S12,3,S12E3,8,0,Brita,SAFE,0,1,0,0,0
1741,S12,3,S12E3,9,0,Aiden Zhane,SAFE,0,1,0,0,0
1742,S12,3,S12E3,10,0,Nicky Doll,BTM,0,1,0,0,0
1743,S12,3,S12E3,11,0,Rock M. Sakura,SAFE,0,1,0,0,0
1744,S12,3,S12E3,12,0,Dahlia Sin,BTM,1,1,0,0,0
1745,S12,3,S12E3,NA,NA,Sherry Pie,WIN,0,1,0,0,0
1746,S12,4,S12E4,1,0,Jaida Essence Hall,HIGH,0,1,0,0,0
1747,S12,4,S12E4,2,0,Crystal Methyd,SAFE,0,1,0,0,0
1748,S12,4,S12E4,2,0,Gigi Goode,WIN,0,1,0,0,0
1749,S12,4,S12E4,4,0,Jackie Cox,SAFE,0,1,0,0,0
1750,S12,4,S12E4,5,1,Heidi N Closet,SAFE,0,1,0,0,0
1751,S12,4,S12E4,6,0,Widow Von'Du,SAFE,0,1,0,0,0
1752,S12,4,S12E4,7,0,Jan,SAFE,0,1,0,0,0
1753,S12,4,S12E4,8,0,Brita,BTM,0,1,0,0,0
1754,S12,4,S12E4,9,0,Aiden Zhane,LOW,0,1,0,0,0
1755,S12,4,S12E4,10,0,Nicky Doll,HIGH,0,1,0,0,0
1756,S12,4,S12E4,11,0,Rock M. Sakura,BTM,1,1,0,0,0
1757,S12,4,S12E4,12,0,Dahlia Sin,NA,NA,0,NA,0,0
1758,S12,4,S12E4,NA,NA,Sherry Pie,SAFE,0,1,0,0,0
1759,S12,5,S12E5,1,0,Jaida Essence Hall,SAFE,0,1,0,0,0
1760,S12,5,S12E5,2,0,Crystal Methyd,SAFE,0,1,0,0,0
1761,S12,5,S12E5,2,0,Gigi Goode,HIGH,0,1,0,0,0
1762,S12,5,S12E5,4,0,Jackie Cox,HIGH,0,1,0,0,0
1763,S12,5,S12E5,5,1,Heidi N Closet,BTM,0,1,0,0,0
1764,S12,5,S12E5,6,0,Widow Von'Du,HIGH,0,1,0,0,0
1765,S12,5,S12E5,7,0,Jan,HIGH,0,1,0,0,0
1766,S12,5,S12E5,8,0,Brita,LOW,0,1,0,0,0
1767,S12,5,S12E5,9,0,Aiden Zhane,HIGH,0,1,0,0,0
1768,S12,5,S12E5,10,0,Nicky Doll,BTM,1,1,0,0,0
1769,S12,5,S12E5,11,0,Rock M. Sakura,NA,NA,0,NA,0,0
1770,S12,5,S12E5,12,0,Dahlia Sin,NA,NA,0,NA,0,0
1771,S12,5,S12E5,NA,NA,Sherry Pie,WIN,0,1,0,0,0
1772,S12,6,S12E6,1,0,Jaida Essence Hall,SAFE,0,1,0,0,0
1773,S12,6,S12E6,2,0,Crystal Methyd,LOW,0,1,0,0,0
1774,S12,6,S12E6,2,0,Gigi Goode,WIN,0,1,0,0,0
1775,S12,6,S12E6,4,0,Jackie Cox,HIGH,0,1,0,0,0
1776,S12,6,S12E6,5,1,Heidi N Closet,SAFE,0,1,0,0,0
1777,S12,6,S12E6,6,0,Widow Von'Du,SAFE,0,1,0,0,0
1778,S12,6,S12E6,7,0,Jan,SAFE,0,1,0,0,0
1779,S12,6,S12E6,8,0,Brita,BTM,0,1,0,0,0
1780,S12,6,S12E6,9,0,Aiden Zhane,BTM,1,1,0,0,0
1781,S12,6,S12E6,10,0,Nicky Doll,NA,NA,0,NA,0,0
1782,S12,6,S12E6,11,0,Rock M. Sakura,NA,NA,0,NA,0,0
1783,S12,6,S12E6,12,0,Dahlia Sin,NA,NA,0,NA,0,0
1784,S12,6,S12E6,NA,NA,Sherry Pie,HIGH,0,1,0,0,0
1785,S12,7,S12E7,1,0,Jaida Essence Hall,SAFE,0,1,0,0,0
1786,S12,7,S12E7,2,0,Crystal Methyd,HIGH,0,1,0,0,0
1787,S12,7,S12E7,2,0,Gigi Goode,WIN,0,1,0,0,0
1788,S12,7,S12E7,4,0,Jackie Cox,LOW,0,1,0,0,0
1789,S12,7,S12E7,5,1,Heidi N Closet,BTM,0,1,0,0,0
1790,S12,7,S12E7,6,0,Widow Von'Du,SAFE,0,1,0,0,0
1791,S12,7,S12E7,7,0,Jan,HIGH,0,1,0,0,0
1792,S12,7,S12E7,8,0,Brita,BTM,1,1,0,0,0
1793,S12,7,S12E7,9,0,Aiden Zhane,NA,NA,0,NA,0,0
1794,S12,7,S12E7,10,0,Nicky Doll,NA,NA,0,NA,0,0
1795,S12,7,S12E7,11,0,Rock M. Sakura,NA,NA,0,NA,0,0
1796,S12,7,S12E7,12,0,Dahlia Sin,NA,NA,0,NA,0,0
1797,S12,7,S12E7,NA,NA,Sherry Pie,SAFE,0,1,0,0,0
1798,S12,8,S12E8,1,0,Jaida Essence Hall,HIGH,0,1,0,0,0
1799,S12,8,S12E8,2,0,Crystal Methyd,HIGH,0,1,0,0,0
1800,S12,8,S12E8,2,0,Gigi Goode,LOW,0,1,0,0,0
1801,S12,8,S12E8,4,0,Jackie Cox,HIGH,0,1,0,0,0
1802,S12,8,S12E8,5,1,Heidi N Closet,WIN,0,1,0,0,0
1803,S12,8,S12E8,6,0,Widow Von'Du,BTM,0,1,0,0,0
1804,S12,8,S12E8,7,0,Jan,BTM,1,1,0,0,0
1805,S12,8,S12E8,8,0,Brita,NA,NA,0,NA,0,0
1806,S12,8,S12E8,9,0,Aiden Zhane,NA,NA,0,NA,0,0
1807,S12,8,S12E8,10,0,Nicky Doll,NA,NA,0,NA,0,0
1808,S12,8,S12E8,11,0,Rock M. Sakura,NA,NA,0,NA,0,0
1809,S12,8,S12E8,12,0,Dahlia Sin,NA,NA,0,NA,0,0
1810,S12,8,S12E8,NA,NA,Sherry Pie,LOW,0,1,0,0,0
1811,S12,9,S12E9,1,0,Jaida Essence Hall,WIN,0,1,0,0,0
1812,S12,9,S12E9,2,0,Crystal Methyd,HIGH,0,1,0,0,0
1813,S12,9,S12E9,2,0,Gigi Goode,LOW,0,1,0,0,0
1814,S12,9,S12E9,4,0,Jackie Cox,BTM,0,1,0,0,0
1815,S12,9,S12E9,5,1,Heidi N Closet,HIGH,0,1,0,0,0
1816,S12,9,S12E9,6,0,Widow Von'Du,BTM,1,1,0,0,0
1817,S12,9,S12E9,7,0,Jan,NA,NA,0,NA,0,0
1818,S12,9,S12E9,8,0,Brita,NA,NA,0,NA,0,0
1819,S12,9,S12E9,9,0,Aiden Zhane,NA,NA,0,NA,0,0
1820,S12,9,S12E9,10,0,Nicky Doll,NA,NA,0,NA,0,0
1821,S12,9,S12E9,11,0,Rock M. Sakura,NA,NA,0,NA,0,0
1822,S12,9,S12E9,12,0,Dahlia Sin,NA,NA,0,NA,0,0
1823,S12,9,S12E9,NA,NA,Sherry Pie,SAFE,0,1,0,0,0
1824,S12,10,S12E10,1,0,Jaida Essence Hall,WIN,0,1,0,0,0
1825,S12,10,S12E10,2,0,Crystal Methyd,HIGH,0,1,0,0,0
1826,S12,10,S12E10,2,0,Gigi Goode,SAFE,0,1,0,0,0
1827,S12,10,S12E10,4,0,Jackie Cox,BTM,0,1,0,0,0
1828,S12,10,S12E10,5,1,Heidi N Closet,BTM,0,1,0,0,0
1829,S12,10,S12E10,6,0,Widow Von'Du,NA,NA,0,NA,0,0
1830,S12,10,S12E10,7,0,Jan,NA,NA,0,NA,0,0
1831,S12,10,S12E10,8,0,Brita,NA,NA,0,NA,0,0
1832,S12,10,S12E10,9,0,Aiden Zhane,NA,NA,0,NA,0,0
1833,S12,10,S12E10,10,0,Nicky Doll,NA,NA,0,NA,0,0
1834,S12,10,S12E10,11,0,Rock M. Sakura,NA,NA,0,NA,0,0
1835,S12,10,S12E10,12,0,Dahlia Sin,NA,NA,0,NA,0,0
1836,S12,10,S12E10,NA,NA,Sherry Pie,HIGH,0,1,0,0,0
1837,S12,11,S12E11,1,0,Jaida Essence Hall,BTM,0,1,0,0,0
1838,S12,11,S12E11,2,0,Crystal Methyd,WIN,0,1,0,0,0
1839,S12,11,S12E11,2,0,Gigi Goode,SAFE,0,1,0,0,0
1840,S12,11,S12E11,4,0,Jackie Cox,HIGH,0,1,0,0,0
1841,S12,11,S12E11,5,1,Heidi N Closet,BTM,1,1,0,0,0
1842,S12,11,S12E11,6,0,Widow Von'Du,NA,NA,0,NA,0,0
1843,S12,11,S12E11,7,0,Jan,NA,NA,0,NA,0,0
1844,S12,11,S12E11,8,0,Brita,NA,NA,0,NA,0,0
1845,S12,11,S12E11,9,0,Aiden Zhane,NA,NA,0,NA,0,0
1846,S12,11,S12E11,10,0,Nicky Doll,NA,NA,0,NA,0,0
1847,S12,11,S12E11,11,0,Rock M. Sakura,NA,NA,0,NA,0,0
1848,S12,11,S12E11,12,0,Dahlia Sin,NA,NA,0,NA,0,0
1849,S12,11,S12E11,NA,NA,Sherry Pie,SAFE,0,1,0,0,0
1850,S12,12,S12E12,1,0,Jaida Essence Hall,SAFE,0,1,0,0,0
1851,S12,12,S12E12,2,0,Crystal Methyd,BTM,0,1,0,0,0
1852,S12,12,S12E12,2,0,Gigi Goode,WIN,0,1,0,0,0
1853,S12,12,S12E12,4,0,Jackie Cox,BTM,1,1,0,0,0
1854,S12,12,S12E12,5,1,Heidi N Closet,NA,NA,0,NA,0,0
1855,S12,12,S12E12,6,0,Widow Von'Du,NA,NA,0,NA,0,0
1856,S12,12,S12E12,7,0,Jan,NA,NA,0,NA,0,0
1857,S12,12,S12E12,8,0,Brita,NA,NA,0,NA,0,0
1858,S12,12,S12E12,9,0,Aiden Zhane,NA,NA,0,NA,0,0
1859,S12,12,S12E12,10,0,Nicky Doll,NA,NA,0,NA,0,0
1860,S12,12,S12E12,11,0,Rock M. Sakura,NA,NA,0,NA,0,0
1861,S12,12,S12E12,12,0,Dahlia Sin,NA,NA,0,NA,0,0
1862,S12,12,S12E12,NA,NA,Sherry Pie,SAFE,0,1,0,0,0
1863,S12,13,S12E13,1,0,Jaida Essence Hall,RUNNING,0,1,0,0,0
1864,S12,13,S12E13,2,0,Crystal Methyd,RUNNING,0,1,0,0,0
1865,S12,13,S12E13,2,0,Gigi Goode,RUNNING,0,1,0,0,0
1866,S12,13,S12E13,4,0,Jackie Cox,NA,NA,0,NA,0,0
1867,S12,13,S12E13,5,1,Heidi N Closet,NA,NA,0,NA,0,0
1868,S12,13,S12E13,6,0,Widow Von'Du,NA,NA,0,NA,0,0
1869,S12,13,S12E13,7,0,Jan,NA,NA,0,NA,0,0
1870,S12,13,S12E13,8,0,Brita,NA,NA,0,NA,0,0
1871,S12,13,S12E13,9,0,Aiden Zhane,NA,NA,0,NA,0,0
1872,S12,13,S12E13,10,0,Nicky Doll,NA,NA,0,NA,0,0
1873,S12,13,S12E13,11,0,Rock M. Sakura,NA,NA,0,NA,0,0
1874,S12,13,S12E13,12,0,Dahlia Sin,NA,NA,0,NA,0,0
1875,S12,13,S12E13,NA,NA,Sherry Pie,DISQ,0,1,0,0,0
1876,S12,14,S12E14,1,0,Jaida Essence Hall,WIN,0,1,0,1,0
1877,S12,14,S12E14,2,0,Crystal Methyd,LOST1ST ROUND,0,1,0,1,0
1878,S12,14,S12E14,2,0,Gigi Goode,LOST2ND ROUND,0,1,0,1,0
1879,S12,14,S12E14,4,0,Jackie Cox,NA,NA,0,NA,1,0
1880,S12,14,S12E14,5,1,Heidi N Closet,NA,NA,0,NA,1,0
1881,S12,14,S12E14,6,0,Widow Von'Du,NA,NA,0,NA,1,0
1882,S12,14,S12E14,7,0,Jan,NA,NA,0,NA,1,0
1883,S12,14,S12E14,8,0,Brita,NA,NA,0,NA,1,0
1884,S12,14,S12E14,9,0,Aiden Zhane,NA,NA,0,NA,1,0
1885,S12,14,S12E14,10,0,Nicky Doll,NA,NA,0,NA,1,0
1886,S12,14,S12E14,11,0,Rock M. Sakura,NA,NA,0,NA,1,0
1887,S12,14,S12E14,12,0,Dahlia Sin,NA,NA,0,NA,1,0
1888,S12,14,S12E14,NA,NA,Sherry Pie,NA,NA,0,NA,1,0