,index,season,episode,episode_num,rank,missc,contestant,outcome,eliminated,participant,minichalw,finale,penultimate
0,1,S01,1,S01E1,1.0,0.0,BeBe Zahara Benet,,0.0,1,0.0,0,0
1,2,S01,1,S01E1,2.0,1.0,Nina Flowers,,0.0,1,0.0,0,0
2,3,S01,1,S01E1,3.0,0.0,Rebecca Glasscock,,0.0,1,0.0,0,0
3,4,S01,1,S01E1,4.0,0.0,Shannel,,0.0,1,0.0,0,0
4,5,S01,1,S01E1,5.0,0.0,Ongina,,0.0,1,0.0,0,0
5,6,S01,1,S01E1,6.0,0.0,Jade,,0.0,1,0.0,0,0
6,7,S01,1,S01E1,7.0,0.0,Akashia,,0.0,1,0.0,0,0
7,8,S01,1,S01E1,8.0,0.0,Tammie Brown,,0.0,1,0.0,0,0
8,9,S01,1,S01E1,9.0,0.0,Victoria (Porkchop) Parker,,1.0,1,0.0,0,0
9,10,S01,2,S01E2,1.0,0.0,BeBe Zahara Benet,,0.0,1,0.0,0,0
10,11,S01,2,S01E2,2.0,1.0,Nina Flowers,,0.0,1,0.0,0,0
11,12,S01,2,S01E2,3.0,0.0,Rebecca Glasscock,,0.0,1,0.0,0,0
12,13,S01,2,S01E2,4.0,0.0,Shannel,,0.0,1,0.0,0,0
13,14,S01,2,S01E2,5.0,0.0,Ongina,,0.0,1,0.0,0,0
14,15,S01,2,S01E2,6.0,0.0,Jade,,0.0,1,0.0,0,0
15,16,S01,2,S01E2,7.0,0.0,Akashia,,0.0,1,0.0,0,0
16,17,S01,2,S01E2,8.0,0.0,Tammie Brown,,1.0,1,0.0,0,0
18,19,S01,3,S01E3,1.0,0.0,BeBe Zahara Benet,,0.0,1,0.0,0,0
19,20,S01,3,S01E3,2.0,1.0,Nina Flowers,,0.0,1,0.0,0,0
20,21,S01,3,S01E3,3.0,0.0,Rebecca Glasscock,,0.0,1,0.0,0,0
21,22,S01,3,S01E3,4.0,0.0,Shannel,,0.0,1,0.0,0,0
22,23,S01,3,S01E3,5.0,0.0,Ongina,,0.0,1,0.0,0,0
23,24,S01,3,S01E3,6.0,0.0,Jade,,0.0,1,0.0,0,0
24,25,S01,3,S01E3,7.0,0.0,Akashia,,1.0,1,0.0,0,0
27,28,S01,4,S01E4,1.0,0.0,BeBe Zahara Benet,,0.0,1,0.0,0,0
28,29,S01,4,S01E4,2.0,1.0,Nina Flowers,,0.0,1,0.0,0,0
29,30,S01,4,S01E4,3.0,0.0,Rebecca Glasscock,,0.0,1,0.0,0,0
30,31,S01,4,S01E4,4.0,0.0,Shannel,,0.0,1,0.0,0,0
31,32,S01,4,S01E4,5.0,0.0,Ongina,,0.0,1,0.0,0,0
32,33,S01,4,S01E4,6.0,0.0,Jade,,0.0,1,1.0,0,0
36,37,S01,5,S01E5,1.0,0.0,BeBe Zahara Benet,,0.0,1,0.0,0,0
37,38,S01,5,S01E5,2.0,1.0,Nina Flowers,,0.0,1,0.0,0,0
38,39,S01,5,S01E5,3.0,0.0,Rebecca Glasscock,,0.0,1,1.0,0,0
39,40,S01,5,S01E5,4.0,0.0,Shannel,,0.0,1,0.0,0,0
40,41,S01,5,S01E5,5.0,0.0,Ongina,,1.0,1,0.0,0,0
45,46,S01,6,S01E6,1.0,0.0,BeBe Zahara Benet,,0.0,1,0.0,0,0
46,47,S01,6,S01E6,2.0,1.0,Nina Flowers,,0.0,1,1.0,0,0
47,48,S01,6,S01E6,3.0,0.0,Rebecca Glasscock,,0.0,1,0.0,0,0
48,49,S01,6,S01E6,4.0,0.0,Shannel,,1.0,1,0.0,0,0
54,55,S01,8,S01E8,1.0,0.0,BeBe Zahara Benet,QUEEN SUPREME,0.0,1,0.0,1,0
55,56,S01,8,S01E8,2.0,1.0,Nina Flowers,FINALE,0.0,1,0.0,1,0
56,57,S01,8,S01E8,3.0,0.0,Rebecca Glasscock,ELIM,1.0,1,0.0,1,0
63,64,S02,1,S02E1,1.0,0.0,Tyra Sanchez,,0.0,1,0.0,0,0
64,65,S02,1,S02E1,2.0,0.0,Raven,,0.0,1,1.0,0,0
65,66,S02,1,S02E1,3.0,0.0,Jujubee,,0.0,1,0.0,0,0
66,67,S02,1,S02E1,4.0,0.0,Tatianna,,0.0,1,0.0,0,0
67,68,S02,1,S02E1,5.0,1.0,Pandora Boxx,,0.0,1,0.0,0,0
68,69,S02,1,S02E1,6.0,0.0,Jessica Wild,,0.0,1,0.0,0,0
69,70,S02,1,S02E1,7.0,0.0,Sahara Davenport,,0.0,1,0.0,0,0
70,71,S02,1,S02E1,8.0,0.0,Morgan McMichaels,,0.0,1,0.0,0,0
71,72,S02,1,S02E1,9.0,0.0,Sonique,,0.0,1,0.0,0,0
72,73,S02,1,S02E1,10.0,0.0,Mystique Summers Madison,,0.0,1,0.0,0,0
73,74,S02,1,S02E1,11.0,0.0,Nicole Paige Brooks,,0.0,1,0.0,0,0
74,75,S02,1,S02E1,12.0,0.0,Shangela,,1.0,1,0.0,0,0
75,76,S02,2,S02E2,1.0,0.0,Tyra Sanchez,,0.0,1,0.0,0,0
76,77,S02,2,S02E2,2.0,0.0,Raven,,0.0,1,0.0,0,0
77,78,S02,2,S02E2,3.0,0.0,Jujubee,,0.0,1,0.0,0,0
78,79,S02,2,S02E2,4.0,0.0,Tatianna,,0.0,1,0.0,0,0
79,80,S02,2,S02E2,5.0,1.0,Pandora Boxx,,0.0,1,0.0,0,0
80,81,S02,2,S02E2,6.0,0.0,Jessica Wild,,0.0,1,0.0,0,0
81,82,S02,2,S02E2,7.0,0.0,Sahara Davenport,,0.0,1,0.0,0,0
82,83,S02,2,S02E2,8.0,0.0,Morgan McMichaels,,0.0,1,0.0,0,0
83,84,S02,2,S02E2,9.0,0.0,Sonique,,0.0,1,0.0,0,0
84,85,S02,2,S02E2,10.0,0.0,Mystique Summers Madison,,0.0,1,0.0,0,0
85,86,S02,2,S02E2,11.0,0.0,Nicole Paige Brooks,,1.0,1,0.0,0,0
87,88,S02,3,S02E3,1.0,0.0,Tyra Sanchez,,0.0,1,0.0,0,0
88,89,S02,3,S02E3,2.0,0.0,Raven,,0.0,1,0.0,0,0
89,90,S02,3,S02E3,3.0,0.0,Jujubee,,0.0,1,0.0,0,0
90,91,S02,3,S02E3,4.0,0.0,Tatianna,,0.0,1,0.0,0,0
91,92,S02,3,S02E3,5.0,1.0,Pandora Boxx,,0.0,1,0.0,0,0
92,93,S02,3,S02E3,6.0,0.0,Jessica Wild,,0.0,1,0.0,0,0
93,94,S02,3,S02E3,7.0,0.0,Sahara Davenport,,0.0,1,0.0,0,0
94,95,S02,3,S02E3,8.0,0.0,Morgan McMichaels,,0.0,1,0.0,0,0
95,96,S02,3,S02E3,9.0,0.0,Sonique,,0.0,1,0.0,0,0
96,97,S02,3,S02E3,10.0,0.0,Mystique Summers Madison,,0.0,1,0.0,0,0
99,100,S02,4,S02E4,1.0,0.0,Tyra Sanchez,,0.0,1,0.0,0,0
100,101,S02,4,S02E4,2.0,0.0,Raven,,0.0,1,1.0,0,0
101,102,S02,4,S02E4,3.0,0.0,Jujubee,,0.0,1,0.0,0,0
102,103,S02,4,S02E4,4.0,0.0,Tatianna,,0.0,1,0.0,0,0
103,104,S02,4,S02E4,5.0,1.0,Pandora Boxx,,0.0,1,0.0,0,0
104,105,S02,4,S02E4,6.0,0.0,Jessica Wild,,0.0,1,0.0,0,0
105,106,S02,4,S02E4,7.0,0.0,Sahara Davenport,,0.0,1,0.0,0,0
106,107,S02,4,S02E4,8.0,0.0,Morgan McMichaels,,0.0,1,0.0,0,0
107,108,S02,4,S02E4,9.0,0.0,Sonique,,1.0,1,0.0,0,0
111,112,S02,5,S02E5,1.0,0.0,Tyra Sanchez,,0.0,1,0.0,0,0
112,113,S02,5,S02E5,2.0,0.0,Raven,,0.0,1,1.0,0,0
113,114,S02,5,S02E5,3.0,0.0,Jujubee,,0.0,1,0.0,0,0
114,115,S02,5,S02E5,4.0,0.0,Tatianna,,0.0,1,0.0,0,0
115,116,S02,5,S02E5,5.0,1.0,Pandora Boxx,,0.0,1,0.0,0,0
116,117,S02,5,S02E5,6.0,0.0,Jessica Wild,,0.0,1,0.0,0,0
117,118,S02,5,S02E5,7.0,0.0,Sahara Davenport,,0.0,1,0.0,0,0
118,119,S02,5,S02E5,8.0,0.0,Morgan McMichaels,,1.0,1,0.0,0,0
123,124,S02,6,S02E6,1.0,0.0,Tyra Sanchez,,0.0,1,0.0,0,0
124,125,S02,6,S02E6,2.0,0.0,Raven,,0.0,1,0.0,0,0
125,126,S02,6,S02E6,3.0,0.0,Jujubee,,0.0,1,0.0,0,0
126,127,S02,6,S02E6,4.0,0.0,Tatianna,,0.0,1,0.0,0,0
127,128,S02,6,S02E6,5.0,1.0,Pandora Boxx,,0.0,1,1.0,0,0
128,129,S02,6,S02E6,6.0,0.0,Jessica Wild,,0.0,1,0.0,0,0
129,130,S02,6,S02E6,7.0,0.0,Sahara Davenport,,1.0,1,0.0,0,0
135,136,S02,7,S02E7,1.0,0.0,Tyra Sanchez,,0.0,1,0.0,0,0
136,137,S02,7,S02E7,2.0,0.0,Raven,,0.0,1,0.0,0,0
137,138,S02,7,S02E7,3.0,0.0,Jujubee,,0.0,1,1.0,0,0
138,139,S02,7,S02E7,4.0,0.0,Tatianna,,0.0,1,0.0,0,0
139,140,S02,7,S02E7,5.0,1.0,Pandora Boxx,,0.0,1,0.0,0,0
140,141,S02,7,S02E7,6.0,0.0,Jessica Wild,,1.0,1,0.0,0,0
147,148,S02,8,S02E8,1.0,0.0,Tyra Sanchez,,0.0,1,0.0,0,0
148,149,S02,8,S02E8,2.0,0.0,Raven,,0.0,1,0.0,0,0
149,150,S02,8,S02E8,3.0,0.0,Jujubee,,0.0,1,0.0,0,0
150,151,S02,8,S02E8,4.0,0.0,Tatianna,,0.0,1,1.0,0,0
151,152,S02,8,S02E8,5.0,1.0,Pandora Boxx,,1.0,1,0.0,0,0
159,160,S02,9,S02E9,1.0,0.0,Tyra Sanchez,,0.0,1,1.0,0,0
160,161,S02,9,S02E9,2.0,0.0,Raven,,0.0,1,0.0,0,0
161,162,S02,9,S02E9,3.0,0.0,Jujubee,,0.0,1,0.0,0,0
162,163,S02,9,S02E9,4.0,0.0,Tatianna,,1.0,1,0.0,0,0
171,172,S02,11,S02E11,1.0,0.0,Tyra Sanchez,QUEEN SUPREME,0.0,1,0.0,1,0
172,173,S02,11,S02E11,2.0,0.0,Raven,FINALE,0.0,1,0.0,1,0
173,174,S02,11,S02E11,3.0,0.0,Jujubee,BTM,0.0,1,0.0,1,0
183,184,S03,2,S03E2,1.0,0.0,Raja,,0.0,1,1.0,0,0
184,185,S03,2,S03E2,2.0,0.0,Manila Luzon,,0.0,1,0.0,0,0
185,186,S03,2,S03E2,3.0,0.0,Alexis Mateo,,0.0,1,0.0,0,0
186,187,S03,2,S03E2,4.0,1.0,Yara Sofia,,0.0,1,0.0,0,0
187,188,S03,2,S03E2,5.0,0.0,Carmen Carrera,,0.0,1,0.0,0,0
188,189,S03,2,S03E2,6.0,0.0,Shangela,,0.0,1,0.0,0,0
189,190,S03,2,S03E2,7.0,0.0,Delta Work,,0.0,1,0.0,0,0
190,191,S03,2,S03E2,8.0,0.0,Stacy Layne Matthews,,0.0,1,0.0,0,0
191,192,S03,2,S03E2,9.0,0.0,Mariah,,0.0,1,0.0,0,0
192,193,S03,2,S03E2,10.0,0.0,India Ferrah,,0.0,1,0.0,0,0
193,194,S03,2,S03E2,11.0,0.0,Mimi Imfurst,,0.0,1,0.0,0,0
194,195,S03,2,S03E2,12.0,0.0,Phoenix,,0.0,1,0.0,0,0
195,196,S03,2,S03E2,13.0,0.0,Venus D-Lite,,1.0,1,0.0,0,0
196,197,S03,3,S03E3,1.0,0.0,Raja,,0.0,1,0.0,0,0
197,198,S03,3,S03E3,2.0,0.0,Manila Luzon,,0.0,1,0.0,0,0
198,199,S03,3,S03E3,3.0,0.0,Alexis Mateo,,0.0,1,0.0,0,0
199,200,S03,3,S03E3,4.0,1.0,Yara Sofia,,0.0,1,0.0,0,0
200,201,S03,3,S03E3,5.0,0.0,Carmen Carrera,,0.0,1,0.0,0,0
201,202,S03,3,S03E3,6.0,0.0,Shangela,,0.0,1,0.0,0,0
202,203,S03,3,S03E3,7.0,0.0,Delta Work,,0.0,1,0.0,0,0
203,204,S03,3,S03E3,8.0,0.0,Stacy Layne Matthews,,0.0,1,0.0,0,0
204,205,S03,3,S03E3,9.0,0.0,Mariah,,0.0,1,0.0,0,0
205,206,S03,3,S03E3,10.0,0.0,India Ferrah,,0.0,1,0.0,0,0
206,207,S03,3,S03E3,11.0,0.0,Mimi Imfurst,,0.0,1,0.0,0,0
207,208,S03,3,S03E3,12.0,0.0,Phoenix,,0.0,1,0.0,0,0
209,210,S03,4,S03E4,1.0,0.0,Raja,,0.0,1,0.0,0,0
210,211,S03,4,S03E4,2.0,0.0,Manila Luzon,,0.0,1,0.0,0,0
211,212,S03,4,S03E4,3.0,0.0,Alexis Mateo,,0.0,1,0.0,0,0
212,213,S03,4,S03E4,4.0,1.0,Yara Sofia,,0.0,1,0.0,0,0
213,214,S03,4,S03E4,5.0,0.0,Carmen Carrera,,0.0,1,0.0,0,0
214,215,S03,4,S03E4,6.0,0.0,Shangela,,0.0,1,0.0,0,0
215,216,S03,4,S03E4,7.0,0.0,Delta Work,,0.0,1,0.0,0,0
216,217,S03,4,S03E4,8.0,0.0,Stacy Layne Matthews,,0.0,1,0.0,0,0
217,218,S03,4,S03E4,9.0,0.0,Mariah,,0.0,1,0.0,0,0
218,219,S03,4,S03E4,10.0,0.0,India Ferrah,,0.0,1,0.0,0,0
219,220,S03,4,S03E4,11.0,0.0,Mimi Imfurst,,1.0,1,0.0,0,0
222,223,S03,5,S03E5,1.0,0.0,Raja,,0.0,1,0.0,0,0
223,224,S03,5,S03E5,2.0,0.0,Manila Luzon,,0.0,1,0.0,0,0
224,225,S03,5,S03E5,3.0,0.0,Alexis Mateo,,0.0,1,0.0,0,0
225,226,S03,5,S03E5,4.0,1.0,Yara Sofia,,0.0,1,0.0,0,0
226,227,S03,5,S03E5,5.0,0.0,Carmen Carrera,,0.0,1,0.0,0,0
227,228,S03,5,S03E5,6.0,0.0,Shangela,,0.0,1,0.0,0,0
228,229,S03,5,S03E5,7.0,0.0,Delta Work,,0.0,1,0.0,0,0
229,230,S03,5,S03E5,8.0,0.0,Stacy Layne Matthews,,0.0,1,0.0,0,0
230,231,S03,5,S03E5,9.0,0.0,Mariah,,0.0,1,0.0,0,0
231,232,S03,5,S03E5,10.0,0.0,India Ferrah,,1.0,1,0.0,0,0
235,236,S03,6,S03E6,1.0,0.0,Raja,,0.0,1,0.0,0,0
236,237,S03,6,S03E6,2.0,0.0,Manila Luzon,,0.0,1,0.0,0,0
237,238,S03,6,S03E6,3.0,0.0,Alexis Mateo,,0.0,1,0.0,0,0
238,239,S03,6,S03E6,4.0,1.0,Yara Sofia,,0.0,1,0.0,0,0
239,240,S03,6,S03E6,5.0,0.0,Carmen Carrera,,0.0,1,0.0,0,0
240,241,S03,6,S03E6,6.0,0.0,Shangela,,0.0,1,0.0,0,0
241,242,S03,6,S03E6,7.0,0.0,Delta Work,,0.0,1,0.0,0,0
242,243,S03,6,S03E6,8.0,0.0,Stacy Layne Matthews,,0.0,1,0.0,0,0
243,244,S03,6,S03E6,9.0,0.0,Mariah,,1.0,1,0.0,0,0
248,249,S03,7,S03E7,1.0,0.0,Raja,,0.0,1,0.0,0,0
249,250,S03,7,S03E7,2.0,0.0,Manila Luzon,,0.0,1,0.0,0,0
250,251,S03,7,S03E7,3.0,0.0,Alexis Mateo,,0.0,1,0.0,0,0
251,252,S03,7,S03E7,4.0,1.0,Yara Sofia,,0.0,1,0.0,0,0
252,253,S03,7,S03E7,5.0,0.0,Carmen Carrera,,0.0,1,1.0,0,0
253,254,S03,7,S03E7,6.0,0.0,Shangela,,0.0,1,0.0,0,0
254,255,S03,7,S03E7,7.0,0.0,Delta Work,,0.0,1,0.0,0,0
255,256,S03,7,S03E7,8.0,0.0,Stacy Layne Matthews,,1.0,1,0.0,0,0
261,262,S03,8,S03E8,1.0,0.0,Raja,,0.0,1,0.0,0,0
262,263,S03,8,S03E8,2.0,0.0,Manila Luzon,,0.0,1,0.0,0,0
263,264,S03,8,S03E8,3.0,0.0,Alexis Mateo,,0.0,1,0.0,0,0
264,265,S03,8,S03E8,4.0,1.0,Yara Sofia,,0.0,1,0.0,0,0
265,266,S03,8,S03E8,5.0,0.0,Carmen Carrera,,0.0,1,0.0,0,0
266,267,S03,8,S03E8,6.0,0.0,Shangela,,0.0,1,1.0,0,0
267,268,S03,8,S03E8,7.0,0.0,Delta Work,,1.0,1,0.0,0,0
274,275,S03,9,S03E9,1.0,0.0,Raja,,0.0,1,0.0,0,0
275,276,S03,9,S03E9,2.0,0.0,Manila Luzon,,0.0,1,1.0,0,0
276,277,S03,9,S03E9,3.0,0.0,Alexis Mateo,,0.0,1,0.0,0,0
277,278,S03,9,S03E9,4.0,1.0,Yara Sofia,,0.0,1,0.0,0,0
278,279,S03,9,S03E9,5.0,0.0,Carmen Carrera,,0.0,1,0.0,0,0
279,280,S03,9,S03E9,6.0,0.0,Shangela,,0.0,1,0.0,0,0
287,288,S03,10,S03E10,1.0,0.0,Raja,,0.0,1,0.0,0,0
288,289,S03,10,S03E10,2.0,0.0,Manila Luzon,,0.0,1,1.0,0,0
289,290,S03,10,S03E10,3.0,0.0,Alexis Mateo,,0.0,1,0.0,0,0
290,291,S03,10,S03E10,4.0,1.0,Yara Sofia,,0.0,1,0.0,0,0
291,292,S03,10,S03E10,5.0,0.0,Carmen Carrera,,1.0,1,0.0,0,0
292,293,S03,10,S03E10,6.0,0.0,Shangela,,0.0,1,0.0,0,0
300,301,S03,11,S03E11,1.0,0.0,Raja,,0.0,1,1.0,0,0
301,302,S03,11,S03E11,2.0,0.0,Manila Luzon,,0.0,1,0.0,0,0
302,303,S03,11,S03E11,3.0,0.0,Alexis Mateo,,0.0,1,0.0,0,0
303,304,S03,11,S03E11,4.0,1.0,Yara Sofia,,0.0,1,0.0,0,0
305,306,S03,11,S03E11,6.0,0.0,Shangela,,1.0,1,0.0,0,0
313,314,S03,12,S03E12,1.0,0.0,Raja,,0.0,1,0.0,0,0
314,315,S03,12,S03E12,2.0,0.0,Manila Luzon,,0.0,1,0.0,0,0
315,316,S03,12,S03E12,3.0,0.0,Alexis Mateo,,0.0,1,1.0,0,0
316,317,S03,12,S03E12,4.0,1.0,Yara Sofia,,0.0,1,0.0,0,0
317,318,S03,12,S03E12,5.0,0.0,Carmen Carrera,,1.0,1,0.0,0,0
326,327,S03,13,S03E13,1.0,0.0,Raja,,0.0,1,0.0,0,0
327,328,S03,13,S03E13,2.0,0.0,Manila Luzon,,0.0,1,0.0,0,0
328,329,S03,13,S03E13,3.0,0.0,Alexis Mateo,,0.0,1,0.0,0,0
329,330,S03,13,S03E13,4.0,1.0,Yara Sofia,,0.0,1,1.0,0,0
339,340,S03,15,S03E15,1.0,0.0,Raja,QUEEN SUPREME,0.0,1,0.0,1,0
340,341,S03,15,S03E15,2.0,0.0,Manila Luzon,FINALE,0.0,1,0.0,1,0
341,342,S03,15,S03E15,3.0,0.0,Alexis Mateo,ELIM,1.0,1,0.0,1,0
352,353,S04,1,S04E1,1.0,0.0,Sharon Needles,,0.0,1,0.0,0,0
353,354,S04,1,S04E1,2.0,0.0,Chad Michaels,,0.0,1,0.0,0,0
354,355,S04,1,S04E1,2.0,0.0,Phi Phi O'Hara,,0.0,1,0.0,0,0
355,356,S04,1,S04E1,4.0,1.0,Latrice Royale,,0.0,1,0.0,0,0
356,357,S04,1,S04E1,5.0,0.0,Kenya Michaels,,0.0,1,0.0,0,0
357,358,S04,1,S04E1,6.0,0.0,Dida Ritz,,0.0,1,0.0,0,0
358,359,S04,1,S04E1,7.0,0.0,Willam,,0.0,1,0.0,0,0
359,360,S04,1,S04E1,8.0,0.0,Jiggly Caliente,,0.0,1,1.0,0,0
360,361,S04,1,S04E1,9.0,0.0,Milan,,0.0,1,0.0,0,0
361,362,S04,1,S04E1,10.0,0.0,Madame LaQueer,,0.0,1,0.0,0,0
362,363,S04,1,S04E1,11.0,0.0,The Princess,,0.0,1,0.0,0,0
363,364,S04,1,S04E1,12.0,0.0,Lashauwn Beyond,,0.0,1,0.0,0,0
364,365,S04,1,S04E1,13.0,0.0,Alisa Summers,,1.0,1,0.0,0,0
365,366,S04,2,S04E2,1.0,0.0,Sharon Needles,,0.0,1,0.0,0,0
366,367,S04,2,S04E2,2.0,0.0,Chad Michaels,,0.0,1,0.0,0,0
367,368,S04,2,S04E2,2.0,0.0,Phi Phi O'Hara,,0.0,1,0.0,0,0
368,369,S04,2,S04E2,4.0,1.0,Latrice Royale,,0.0,1,0.0,0,0
369,370,S04,2,S04E2,5.0,0.0,Kenya Michaels,,0.0,1,0.0,0,0
370,371,S04,2,S04E2,6.0,0.0,Dida Ritz,,0.0,1,0.0,0,0
371,372,S04,2,S04E2,7.0,0.0,Willam,,0.0,1,0.0,0,0
372,373,S04,2,S04E2,8.0,0.0,Jiggly Caliente,,0.0,1,0.0,0,0
373,374,S04,2,S04E2,9.0,0.0,Milan,,0.0,1,0.0,0,0
374,375,S04,2,S04E2,10.0,0.0,Madame LaQueer,,0.0,1,0.0,0,0
375,376,S04,2,S04E2,11.0,0.0,The Princess,,0.0,1,0.0,0,0
376,377,S04,2,S04E2,12.0,0.0,Lashauwn Beyond,,1.0,1,0.0,0,0
378,379,S04,3,S04E3,1.0,0.0,Sharon Needles,,0.0,1,0.0,0,0
379,380,S04,3,S04E3,2.0,0.0,Chad Michaels,,0.0,1,0.0,0,0
380,381,S04,3,S04E3,2.0,0.0,Phi Phi O'Hara,,0.0,1,0.0,0,0
381,382,S04,3,S04E3,4.0,1.0,Latrice Royale,,0.0,1,0.0,0,0
382,383,S04,3,S04E3,5.0,0.0,Kenya Michaels,,0.0,1,0.0,0,0
383,384,S04,3,S04E3,6.0,0.0,Dida Ritz,,0.0,1,0.0,0,0
384,385,S04,3,S04E3,7.0,0.0,Willam,,0.0,1,0.0,0,0
385,386,S04,3,S04E3,8.0,0.0,Jiggly Caliente,,0.0,1,1.0,0,0
386,387,S04,3,S04E3,9.0,0.0,Milan,,0.0,1,0.0,0,0
387,388,S04,3,S04E3,10.0,0.0,Madame LaQueer,,0.0,1,0.0,0,0
388,389,S04,3,S04E3,11.0,0.0,The Princess,,1.0,1,0.0,0,0
391,392,S04,4,S04E4,1.0,0.0,Sharon Needles,,0.0,1,0.0,0,0
392,393,S04,4,S04E4,2.0,0.0,Chad Michaels,,0.0,1,0.0,0,0
393,394,S04,4,S04E4,2.0,0.0,Phi Phi O'Hara,,0.0,1,0.0,0,0
394,395,S04,4,S04E4,4.0,1.0,Latrice Royale,,0.0,1,0.0,0,0
395,396,S04,4,S04E4,5.0,0.0,Kenya Michaels,,0.0,1,0.0,0,0
396,397,S04,4,S04E4,6.0,0.0,Dida Ritz,,0.0,1,0.0,0,0
397,398,S04,4,S04E4,7.0,0.0,Willam,,0.0,1,0.0,0,0
398,399,S04,4,S04E4,8.0,0.0,Jiggly Caliente,,0.0,1,0.0,0,0
399,400,S04,4,S04E4,9.0,0.0,Milan,,0.0,1,0.0,0,0
400,401,S04,4,S04E4,10.0,0.0,Madame LaQueer,,0.0,1,0.0,0,0
404,405,S04,5,S04E5,1.0,0.0,Sharon Needles,,0.0,1,0.0,0,0
405,406,S04,5,S04E5,2.0,0.0,Chad Michaels,,0.0,1,0.0,0,0
406,407,S04,5,S04E5,2.0,0.0,Phi Phi O'Hara,,0.0,1,1.0,0,0
407,408,S04,5,S04E5,4.0,1.0,Latrice Royale,,0.0,1,0.0,0,0
408,409,S04,5,S04E5,5.0,0.0,Kenya Michaels,,1.0,1,0.0,0,0
409,410,S04,5,S04E5,6.0,0.0,Dida Ritz,,0.0,1,0.0,0,0
410,411,S04,5,S04E5,7.0,0.0,Willam,,0.0,1,0.0,0,0
411,412,S04,5,S04E5,8.0,0.0,Jiggly Caliente,,0.0,1,0.0,0,0
412,413,S04,5,S04E5,9.0,0.0,Milan,,0.0,1,0.0,0,0
417,418,S04,6,S04E6,1.0,0.0,Sharon Needles,,0.0,1,0.0,0,0
418,419,S04,6,S04E6,2.0,0.0,Chad Michaels,,0.0,1,0.0,0,0
419,420,S04,6,S04E6,2.0,0.0,Phi Phi O'Hara,,0.0,1,0.0,0,0
420,421,S04,6,S04E6,4.0,1.0,Latrice Royale,,0.0,1,0.0,0,0
422,423,S04,6,S04E6,6.0,0.0,Dida Ritz,,0.0,1,0.0,0,0
423,424,S04,6,S04E6,7.0,0.0,Willam,,0.0,1,1.0,0,0
424,425,S04,6,S04E6,8.0,0.0,Jiggly Caliente,,0.0,1,0.0,0,0
425,426,S04,6,S04E6,9.0,0.0,Milan,,1.0,1,0.0,0,0
430,431,S04,7,S04E7,1.0,0.0,Sharon Needles,,0.0,1,0.0,0,0
431,432,S04,7,S04E7,2.0,0.0,Chad Michaels,,0.0,1,0.0,0,0
432,433,S04,7,S04E7,2.0,0.0,Phi Phi O'Hara,,0.0,1,0.0,0,0
433,434,S04,7,S04E7,4.0,1.0,Latrice Royale,,0.0,1,1.0,0,0
435,436,S04,7,S04E7,6.0,0.0,Dida Ritz,,0.0,1,0.0,0,0
436,437,S04,7,S04E7,7.0,0.0,Willam,,0.0,1,0.0,0,0
437,438,S04,7,S04E7,8.0,0.0,Jiggly Caliente,,1.0,1,0.0,0,0
443,444,S04,8,S04E8,1.0,0.0,Sharon Needles,,0.0,1,0.0,0,0
444,445,S04,8,S04E8,2.0,0.0,Chad Michaels,,0.0,1,0.0,0,0
445,446,S04,8,S04E8,2.0,0.0,Phi Phi O'Hara,,0.0,1,0.0,0,0
446,447,S04,8,S04E8,4.0,1.0,Latrice Royale,,0.0,1,0.0,0,0
448,449,S04,8,S04E8,6.0,0.0,Dida Ritz,,0.0,1,0.0,0,0
449,450,S04,8,S04E8,7.0,0.0,Willam,,1.0,1,0.0,0,0
456,457,S04,9,S04E9,1.0,0.0,Sharon Needles,,0.0,1,0.0,0,0
457,458,S04,9,S04E9,2.0,0.0,Chad Michaels,,0.0,1,0.0,0,0
458,459,S04,9,S04E9,2.0,0.0,Phi Phi O'Hara,,0.0,1,1.0,0,0
459,460,S04,9,S04E9,4.0,1.0,Latrice Royale,,0.0,1,0.0,0,0
461,462,S04,9,S04E9,6.0,0.0,Dida Ritz,,1.0,1,0.0,0,0
469,470,S04,10,S04E10,1.0,0.0,Sharon Needles,,0.0,1,0.0,0,0
470,471,S04,10,S04E10,2.0,0.0,Chad Michaels,,0.0,1,0.0,0,0
471,472,S04,10,S04E10,2.0,0.0,Phi Phi O'Hara,,0.0,1,0.0,0,0
472,473,S04,10,S04E10,4.0,1.0,Latrice Royale,,0.0,1,0.0,0,0
473,474,S04,10,S04E10,5.0,0.0,Kenya Michaels,,0.0,1,1.0,0,0
482,483,S04,11,S04E11,1.0,0.0,Sharon Needles,,0.0,1,0.0,0,0
483,484,S04,11,S04E11,2.0,0.0,Chad Michaels,,0.0,1,1.0,0,0
484,485,S04,11,S04E11,2.0,0.0,Phi Phi O'Hara,,0.0,1,0.0,0,0
485,486,S04,11,S04E11,4.0,1.0,Latrice Royale,,1.0,1,0.0,0,0
495,496,S04,14,S04E14,1.0,0.0,Sharon Needles,QUEEN SUPREME,0.0,1,0.0,1,0
496,497,S04,14,S04E14,2.0,0.0,Chad Michaels,FINALE,0.0,1,0.0,1,0
497,498,S04,14,S04E14,2.0,0.0,Phi Phi O'Hara,FINALE,0.0,1,0.0,1,0
508,509,S05,1,S05E1,1.0,0.0,Jinkx Monsoon,,0.0,1,0.0,0,0
509,510,S05,1,S05E1,2.0,0.0,Alaska,,0.0,1,0.0,0,0
510,511,S05,1,S05E1,2.0,0.0,Roxxxy Andrews,,0.0,1,0.0,0,0
511,512,S05,1,S05E1,4.0,0.0,Detox,,0.0,1,1.0,0,0
512,513,S05,1,S05E1,5.0,0.0,Coco Montrese,,0.0,1,0.0,0,0
513,514,S05,1,S05E1,6.0,0.0,Alyssa Edwards,,0.0,1,0.0,0,0
514,515,S05,1,S05E1,7.0,1.0,Ivy Winters,,0.0,1,0.0,0,0
515,516,S05,1,S05E1,8.0,0.0,Jade Jolie,,0.0,1,0.0,0,0
516,517,S05,1,S05E1,9.0,0.0,Lineysha Sparx,,0.0,1,0.0,0,0
517,518,S05,1,S05E1,10.0,0.0,Honey Mahogany,,0.0,1,0.0,0,0
518,519,S05,1,S05E1,10.0,0.0,Vivienne Pinay,,0.0,1,0.0,0,0
519,520,S05,1,S05E1,12.0,0.0,Monica Beverly Hillz,,0.0,1,0.0,0,0
520,521,S05,1,S05E1,13.0,0.0,Serena Cha Cha,,0.0,1,0.0,0,0
521,522,S05,1,S05E1,14.0,0.0,Penny Tration,,1.0,1,0.0,0,0
522,523,S05,2,S05E2,1.0,0.0,Jinkx Monsoon,,0.0,1,0.0,0,0
523,524,S05,2,S05E2,2.0,0.0,Alaska,,0.0,1,0.0,0,0
524,525,S05,2,S05E2,2.0,0.0,Roxxxy Andrews,,0.0,1,0.0,0,0
525,526,S05,2,S05E2,4.0,0.0,Detox,,0.0,1,0.0,0,0
526,527,S05,2,S05E2,5.0,0.0,Coco Montrese,,0.0,1,0.0,0,0
527,528,S05,2,S05E2,6.0,0.0,Alyssa Edwards,,0.0,1,0.0,0,0
528,529,S05,2,S05E2,7.0,1.0,Ivy Winters,,0.0,1,0.0,0,0
529,530,S05,2,S05E2,8.0,0.0,Jade Jolie,,0.0,1,0.0,0,0
530,531,S05,2,S05E2,9.0,0.0,Lineysha Sparx,,0.0,1,0.0,0,0
531,532,S05,2,S05E2,10.0,0.0,Honey Mahogany,,0.0,1,0.0,0,0
532,533,S05,2,S05E2,10.0,0.0,Vivienne Pinay,,0.0,1,0.0,0,0
533,534,S05,2,S05E2,12.0,0.0,Monica Beverly Hillz,,0.0,1,0.0,0,0
534,535,S05,2,S05E2,13.0,0.0,Serena Cha Cha,,0.0,1,0.0,0,0
536,537,S05,3,S05E3,1.0,0.0,Jinkx Monsoon,,0.0,1,0.0,0,0
537,538,S05,3,S05E3,2.0,0.0,Alaska,,0.0,1,0.0,0,0
538,539,S05,3,S05E3,2.0,0.0,Roxxxy Andrews,,0.0,1,0.0,0,0
539,540,S05,3,S05E3,4.0,0.0,Detox,,0.0,1,0.0,0,0
540,541,S05,3,S05E3,5.0,0.0,Coco Montrese,,0.0,1,0.0,0,0
541,542,S05,3,S05E3,6.0,0.0,Alyssa Edwards,,0.0,1,0.0,0,0
542,543,S05,3,S05E3,7.0,1.0,Ivy Winters,,0.0,1,0.0,0,0
543,544,S05,3,S05E3,8.0,0.0,Jade Jolie,,0.0,1,0.0,0,0
544,545,S05,3,S05E3,9.0,0.0,Lineysha Sparx,,0.0,1,0.0,0,0
545,546,S05,3,S05E3,10.0,0.0,Honey Mahogany,,0.0,1,0.0,0,0
546,547,S05,3,S05E3,10.0,0.0,Vivienne Pinay,,0.0,1,0.0,0,0
547,548,S05,3,S05E3,12.0,0.0,Monica Beverly Hillz,,1.0,1,0.0,0,0
550,551,S05,4,S05E4,1.0,0.0,Jinkx Monsoon,,0.0,1,0.0,0,0
551,552,S05,4,S05E4,2.0,0.0,Alaska,,0.0,1,0.0,0,0
552,553,S05,4,S05E4,2.0,0.0,Roxxxy Andrews,,0.0,1,0.0,0,0
553,554,S05,4,S05E4,4.0,0.0,Detox,,0.0,1,0.0,0,0
554,555,S05,4,S05E4,5.0,0.0,Coco Montrese,,0.0,1,0.0,0,0
555,556,S05,4,S05E4,6.0,0.0,Alyssa Edwards,,0.0,1,0.0,0,0
556,557,S05,4,S05E4,7.0,1.0,Ivy Winters,,0.0,1,0.0,0,0
557,558,S05,4,S05E4,8.0,0.0,Jade Jolie,,0.0,1,0.0,0,0
558,559,S05,4,S05E4,9.0,0.0,Lineysha Sparx,,0.0,1,0.0,0,0
559,560,S05,4,S05E4,10.0,0.0,Honey Mahogany,,1.0,1,0.0,0,0
560,561,S05,4,S05E4,10.0,0.0,Vivienne Pinay,,1.0,1,0.0,0,0
564,565,S05,5,S05E5,1.0,0.0,Jinkx Monsoon,,0.0,1,0.0,0,0
565,566,S05,5,S05E5,2.0,0.0,Alaska,,0.0,1,0.0,0,0
566,567,S05,5,S05E5,2.0,0.0,Roxxxy Andrews,,0.0,1,1.0,0,0
567,568,S05,5,S05E5,4.0,0.0,Detox,,0.0,1,1.0,0,0
568,569,S05,5,S05E5,5.0,0.0,Coco Montrese,,0.0,1,0.0,0,0
569,570,S05,5,S05E5,6.0,0.0,Alyssa Edwards,,0.0,1,1.0,0,0
570,571,S05,5,S05E5,7.0,1.0,Ivy Winters,,0.0,1,0.0,0,0
571,572,S05,5,S05E5,8.0,0.0,Jade Jolie,,0.0,1,0.0,0,0
572,573,S05,5,S05E5,9.0,0.0,Lineysha Sparx,,1.0,1,0.0,0,0
578,579,S05,6,S05E6,1.0,0.0,Jinkx Monsoon,,0.0,1,0.0,0,0
579,580,S05,6,S05E6,2.0,0.0,Alaska,,0.0,1,0.0,0,0
580,581,S05,6,S05E6,2.0,0.0,Roxxxy Andrews,,0.0,1,0.0,0,0
581,582,S05,6,S05E6,4.0,0.0,Detox,,0.0,1,1.0,0,0
582,583,S05,6,S05E6,5.0,0.0,Coco Montrese,,0.0,1,0.0,0,0
583,584,S05,6,S05E6,6.0,0.0,Alyssa Edwards,,0.0,1,0.0,0,0
584,585,S05,6,S05E6,7.0,1.0,Ivy Winters,,0.0,1,0.0,0,0
585,586,S05,6,S05E6,8.0,0.0,Jade Jolie,,1.0,1,0.0,0,0
592,593,S05,7,S05E7,1.0,0.0,Jinkx Monsoon,,0.0,1,0.0,0,0
593,594,S05,7,S05E7,2.0,0.0,Alaska,,0.0,1,1.0,0,0
594,595,S05,7,S05E7,2.0,0.0,Roxxxy Andrews,,0.0,1,0.0,0,0
595,596,S05,7,S05E7,4.0,0.0,Detox,,0.0,1,0.0,0,0
596,597,S05,7,S05E7,5.0,0.0,Coco Montrese,,0.0,1,0.0,0,0
597,598,S05,7,S05E7,6.0,0.0,Alyssa Edwards,,0.0,1,0.0,0,0
598,599,S05,7,S05E7,7.0,1.0,Ivy Winters,,0.0,1,0.0,0,0
606,607,S05,8,S05E8,1.0,0.0,Jinkx Monsoon,,0.0,1,0.0,0,0
607,608,S05,8,S05E8,2.0,0.0,Alaska,,0.0,1,0.0,0,0
608,609,S05,8,S05E8,2.0,0.0,Roxxxy Andrews,,0.0,1,0.0,0,0
609,610,S05,8,S05E8,4.0,0.0,Detox,,0.0,1,0.0,0,0
610,611,S05,8,S05E8,5.0,0.0,Coco Montrese,,0.0,1,0.0,0,0
611,612,S05,8,S05E8,6.0,0.0,Alyssa Edwards,,0.0,1,0.0,0,0
612,613,S05,8,S05E8,7.0,1.0,Ivy Winters,,0.0,1,1.0,0,0
620,621,S05,9,S05E9,1.0,0.0,Jinkx Monsoon,,0.0,1,0.0,0,0
621,622,S05,9,S05E9,2.0,0.0,Alaska,,0.0,1,0.0,0,0
622,623,S05,9,S05E9,2.0,0.0,Roxxxy Andrews,,0.0,1,0.0,0,0
623,624,S05,9,S05E9,4.0,0.0,Detox,,0.0,1,0.0,0,0
624,625,S05,9,S05E9,5.0,0.0,Coco Montrese,,0.0,1,0.0,0,0
625,626,S05,9,S05E9,6.0,0.0,Alyssa Edwards,,0.0,1,0.0,0,0
634,635,S05,10,S05E10,1.0,0.0,Jinkx Monsoon,,0.0,1,0.0,0,0
635,636,S05,10,S05E10,2.0,0.0,Alaska,,0.0,1,1.0,0,0
636,637,S05,10,S05E10,2.0,0.0,Roxxxy Andrews,,0.0,1,0.0,0,0
637,638,S05,10,S05E10,4.0,0.0,Detox,,0.0,1,0.0,0,0
638,639,S05,10,S05E10,5.0,0.0,Coco Montrese,,1.0,1,0.0,0,0
648,649,S05,11,S05E11,1.0,0.0,Jinkx Monsoon,,0.0,1,0.0,0,0
649,650,S05,11,S05E11,2.0,0.0,Alaska,,0.0,1,1.0,0,0
650,651,S05,11,S05E11,2.0,0.0,Roxxxy Andrews,,0.0,1,0.0,0,0
651,652,S05,11,S05E11,4.0,0.0,Detox,,1.0,1,0.0,0,0
662,663,S05,14,S05E14,1.0,0.0,Jinkx Monsoon,QUEEN SUPREME,0.0,1,0.0,1,0
663,664,S05,14,S05E14,2.0,0.0,Alaska,FINALE,0.0,1,0.0,1,0
664,665,S05,14,S05E14,2.0,0.0,Roxxxy Andrews,FINALE,0.0,1,0.0,1,0
677,678,S06,1,S06E1,2.0,0.0,Adore Delano,,0.0,1,0.0,0,0
680,681,S06,1,S06E1,5.0,1.0,BenDeLaCreme,,0.0,1,0.0,0,0
683,684,S06,1,S06E1,8.0,0.0,Laganja Estranja,,0.0,1,1.0,0,0
685,686,S06,1,S06E1,10.0,0.0,Gia Gunn,,0.0,1,0.0,0,0
686,687,S06,1,S06E1,11.0,0.0,April Carrión,,0.0,1,0.0,0,0
687,688,S06,1,S06E1,12.0,0.0,Vivacious,,0.0,1,0.0,0,0
689,690,S06,1,S06E1,13.0,0.0,Kelly Mantle,,1.0,1,0.0,0,0
690,691,S06,2,S06E2,1.0,0.0,Bianca Del Rio,,0.0,1,0.0,0,0
692,693,S06,2,S06E2,2.0,0.0,Courtney Act,,0.0,1,0.0,0,0
693,694,S06,2,S06E2,4.0,0.0,Darienne Lake,,0.0,1,0.0,0,0
695,696,S06,2,S06E2,6.0,0.0,Joslyn Fox,,0.0,1,0.0,0,0
696,697,S06,2,S06E2,7.0,0.0,Trinity K. Bonet,,0.0,1,1.0,0,0
698,699,S06,2,S06E2,9.0,0.0,Milk,,0.0,1,0.0,0,0
702,703,S06,2,S06E2,13.0,0.0,Magnolia Crawford,,1.0,1,0.0,0,0
704,705,S06,3,S06E3,1.0,0.0,Bianca Del Rio,,0.0,1,0.0,0,0
705,706,S06,3,S06E3,2.0,0.0,Adore Delano,,0.0,1,0.0,0,0
706,707,S06,3,S06E3,2.0,0.0,Courtney Act,,0.0,1,0.0,0,0
707,708,S06,3,S06E3,4.0,0.0,Darienne Lake,,0.0,1,0.0,0,0
708,709,S06,3,S06E3,5.0,1.0,BenDeLaCreme,,0.0,1,0.0,0,0
709,710,S06,3,S06E3,6.0,0.0,Joslyn Fox,,0.0,1,0.0,0,0
710,711,S06,3,S06E3,7.0,0.0,Trinity K. Bonet,,0.0,1,0.0,0,0
711,712,S06,3,S06E3,8.0,0.0,Laganja Estranja,,0.0,1,0.0,0,0
712,713,S06,3,S06E3,9.0,0.0,Milk,,0.0,1,0.0,0,0
713,714,S06,3,S06E3,10.0,0.0,Gia Gunn,,0.0,1,0.0,0,0
714,715,S06,3,S06E3,11.0,0.0,April Carrión,,0.0,1,0.0,0,0
715,716,S06,3,S06E3,12.0,0.0,Vivacious,,1.0,1,0.0,0,0
718,719,S06,4,S06E4,1.0,0.0,Bianca Del Rio,,0.0,1,0.0,0,0
719,720,S06,4,S06E4,2.0,0.0,Adore Delano,,0.0,1,0.0,0,0
720,721,S06,4,S06E4,2.0,0.0,Courtney Act,,0.0,1,0.0,0,0
721,722,S06,4,S06E4,4.0,0.0,Darienne Lake,,0.0,1,0.0,0,0
722,723,S06,4,S06E4,5.0,1.0,BenDeLaCreme,,0.0,1,0.0,0,0
723,724,S06,4,S06E4,6.0,0.0,Joslyn Fox,,0.0,1,0.0,0,0
724,725,S06,4,S06E4,7.0,0.0,Trinity K. Bonet,,0.0,1,0.0,0,0
725,726,S06,4,S06E4,8.0,0.0,Laganja Estranja,,0.0,1,0.0,0,0
726,727,S06,4,S06E4,9.0,0.0,Milk,,0.0,1,0.0,0,0
727,728,S06,4,S06E4,10.0,0.0,Gia Gunn,,0.0,1,0.0,0,0
728,729,S06,4,S06E4,11.0,0.0,April Carrión,,1.0,1,0.0,0,0
732,733,S06,5,S06E5,1.0,0.0,Bianca Del Rio,,0.0,1,0.0,0,0
733,734,S06,5,S06E5,2.0,0.0,Adore Delano,,0.0,1,0.0,0,0
734,735,S06,5,S06E5,2.0,0.0,Courtney Act,,0.0,1,0.0,0,0
735,736,S06,5,S06E5,4.0,0.0,Darienne Lake,,0.0,1,0.0,0,0
736,737,S06,5,S06E5,5.0,1.0,BenDeLaCreme,,0.0,1,0.0,0,0
737,738,S06,5,S06E5,6.0,0.0,Joslyn Fox,,0.0,1,0.0,0,0
738,739,S06,5,S06E5,7.0,0.0,Trinity K. Bonet,,0.0,1,0.0,0,0
739,740,S06,5,S06E5,8.0,0.0,Laganja Estranja,,0.0,1,0.0,0,0
740,741,S06,5,S06E5,9.0,0.0,Milk,,0.0,1,0.0,0,0
741,742,S06,5,S06E5,10.0,0.0,Gia Gunn,,1.0,1,0.0,0,0
746,747,S06,6,S06E6,1.0,0.0,Bianca Del Rio,,0.0,1,0.0,0,0
747,748,S06,6,S06E6,2.0,0.0,Adore Delano,,0.0,1,0.0,0,0
748,749,S06,6,S06E6,2.0,0.0,Courtney Act,,0.0,1,0.0,0,0
749,750,S06,6,S06E6,4.0,0.0,Darienne Lake,,0.0,1,1.0,0,0
750,751,S06,6,S06E6,5.0,1.0,BenDeLaCreme,,0.0,1,0.0,0,0
751,752,S06,6,S06E6,6.0,0.0,Joslyn Fox,,0.0,1,0.0,0,0
752,753,S06,6,S06E6,7.0,0.0,Trinity K. Bonet,,0.0,1,0.0,0,0
753,754,S06,6,S06E6,8.0,0.0,Laganja Estranja,,0.0,1,0.0,0,0
754,755,S06,6,S06E6,9.0,0.0,Milk,,1.0,1,0.0,0,0
760,761,S06,7,S06E7,1.0,0.0,Bianca Del Rio,,0.0,1,0.0,0,0
761,762,S06,7,S06E7,2.0,0.0,Adore Delano,,0.0,1,0.0,0,0
762,763,S06,7,S06E7,2.0,0.0,Courtney Act,,0.0,1,0.0,0,0
763,764,S06,7,S06E7,4.0,0.0,Darienne Lake,,0.0,1,0.0,0,0
764,765,S06,7,S06E7,5.0,1.0,BenDeLaCreme,,0.0,1,0.0,0,0
765,766,S06,7,S06E7,6.0,0.0,Joslyn Fox,,0.0,1,0.0,0,0
766,767,S06,7,S06E7,7.0,0.0,Trinity K. Bonet,,0.0,1,0.0,0,0
767,768,S06,7,S06E7,8.0,0.0,Laganja Estranja,,0.0,1,1.0,0,0
774,775,S06,8,S06E8,1.0,0.0,Bianca Del Rio,,0.0,1,0.0,0,0
775,776,S06,8,S06E8,2.0,0.0,Adore Delano,,0.0,1,0.0,0,0
776,777,S06,8,S06E8,2.0,0.0,Courtney Act,,0.0,1,0.0,0,0
777,778,S06,8,S06E8,4.0,0.0,Darienne Lake,,0.0,1,0.0,0,0
778,779,S06,8,S06E8,5.0,1.0,BenDeLaCreme,,0.0,1,0.0,0,0
779,780,S06,8,S06E8,6.0,0.0,Joslyn Fox,,0.0,1,1.0,0,0
780,781,S06,8,S06E8,7.0,0.0,Trinity K. Bonet,,0.0,1,0.0,0,0
781,782,S06,8,S06E8,8.0,0.0,Laganja Estranja,,1.0,1,0.0,0,0
788,789,S06,9,S06E9,1.0,0.0,Bianca Del Rio,,0.0,1,0.0,0,0
789,790,S06,9,S06E9,2.0,0.0,Adore Delano,,0.0,1,0.0,0,0
790,791,S06,9,S06E9,2.0,0.0,Courtney Act,,0.0,1,0.0,0,0
791,792,S06,9,S06E9,4.0,0.0,Darienne Lake,,0.0,1,0.0,0,0
792,793,S06,9,S06E9,5.0,1.0,BenDeLaCreme,,0.0,1,1.0,0,0
793,794,S06,9,S06E9,6.0,0.0,Joslyn Fox,,0.0,1,0.0,0,0
794,795,S06,9,S06E9,7.0,0.0,Trinity K. Bonet,,1.0,1,0.0,0,0
802,803,S06,10,S06E10,1.0,0.0,Bianca Del Rio,,0.0,1,1.0,0,0
803,804,S06,10,S06E10,2.0,0.0,Adore Delano,,0.0,1,0.0,0,0
804,805,S06,10,S06E10,2.0,0.0,Courtney Act,,0.0,1,0.0,0,0
805,806,S06,10,S06E10,4.0,0.0,Darienne Lake,,0.0,1,0.0,0,0
806,807,S06,10,S06E10,5.0,1.0,BenDeLaCreme,,0.0,1,0.0,0,0
807,808,S06,10,S06E10,6.0,0.0,Joslyn Fox,,1.0,1,0.0,0,0
816,817,S06,11,S06E11,1.0,0.0,Bianca Del Rio,,0.0,1,0.0,0,0
817,818,S06,11,S06E11,2.0,0.0,Adore Delano,,0.0,1,0.0,0,0
818,819,S06,11,S06E11,2.0,0.0,Courtney Act,,0.0,1,0.0,0,0
819,820,S06,11,S06E11,4.0,0.0,Darienne Lake,,0.0,1,0.0,0,0
820,821,S06,11,S06E11,5.0,1.0,BenDeLaCreme,,0.0,1,1.0,0,0
830,831,S06,12,S06E12,1.0,0.0,Bianca Del Rio,,0.0,1,0.0,0,1
831,832,S06,12,S06E12,2.0,0.0,Adore Delano,,0.0,1,0.0,0,1
832,833,S06,12,S06E12,2.0,0.0,Courtney Act,,0.0,1,0.0,0,1
833,834,S06,12,S06E12,4.0,0.0,Darienne Lake,,1.0,1,0.0,0,1
844,845,S06,14,S06E14,1.0,0.0,Bianca Del Rio,QUEEN SUPREME,0.0,1,0.0,1,0
845,846,S06,14,S06E14,2.0,0.0,Adore Delano,FINALE,0.0,1,0.0,1,0
846,847,S06,14,S06E14,2.0,0.0,Courtney Act,FINALE,0.0,1,0.0,1,0
858,859,S07,1,S07E1,1.0,0.0,Violet Chachki,,0.0,1,0.0,0,0
859,860,S07,1,S07E1,2.0,0.0,Ginger Minj,,0.0,1,0.0,0,0
860,861,S07,1,S07E1,2.0,0.0,Pearl,,0.0,1,0.0,0,0
861,862,S07,1,S07E1,4.0,0.0,Kennedy Davenport,,0.0,1,0.0,0,0
862,863,S07,1,S07E1,5.0,1.0,Katya,,0.0,1,0.0,0,0
863,864,S07,1,S07E1,6.0,0.0,Trixie Mattel,,0.0,1,0.0,0,0
864,865,S07,1,S07E1,7.0,0.0,Miss Fame,,0.0,1,0.0,0,0
865,866,S07,1,S07E1,8.0,0.0,Jaidynn Diore Fierce,,0.0,1,0.0,0,0
866,867,S07,1,S07E1,9.0,0.0,Max,,0.0,1,0.0,0,0
867,868,S07,1,S07E1,10.0,0.0,Kandy Ho,,0.0,1,0.0,0,0
868,869,S07,1,S07E1,11.0,0.0,Mrs. Kasha Davis,,0.0,1,0.0,0,0
869,870,S07,1,S07E1,12.0,0.0,Jasmine Masters,,0.0,1,0.0,0,0
870,871,S07,1,S07E1,13.0,0.0,Sasha Belle,,0.0,1,0.0,0,0
871,872,S07,1,S07E1,14.0,0.0,Tempest DuJour,,1.0,1,0.0,0,0
872,873,S07,2,S07E2,1.0,0.0,Violet Chachki,,0.0,1,0.0,0,0
873,874,S07,2,S07E2,2.0,0.0,Ginger Minj,,0.0,1,0.0,0,0
874,875,S07,2,S07E2,2.0,0.0,Pearl,,0.0,1,0.0,0,0
875,876,S07,2,S07E2,4.0,0.0,Kennedy Davenport,,0.0,1,0.0,0,0
876,877,S07,2,S07E2,5.0,1.0,Katya,,0.0,1,0.0,0,0
877,878,S07,2,S07E2,6.0,0.0,Trixie Mattel,,0.0,1,0.0,0,0
878,879,S07,2,S07E2,7.0,0.0,Miss Fame,,0.0,1,0.0,0,0
879,880,S07,2,S07E2,8.0,0.0,Jaidynn Diore Fierce,,0.0,1,0.0,0,0
880,881,S07,2,S07E2,9.0,0.0,Max,,0.0,1,0.0,0,0
881,882,S07,2,S07E2,10.0,0.0,Kandy Ho,,0.0,1,0.0,0,0
882,883,S07,2,S07E2,11.0,0.0,Mrs. Kasha Davis,,0.0,1,0.0,0,0
883,884,S07,2,S07E2,12.0,0.0,Jasmine Masters,,0.0,1,0.0,0,0
884,885,S07,2,S07E2,13.0,0.0,Sasha Belle,,1.0,1,0.0,0,0
886,887,S07,3,S07E3,1.0,0.0,Violet Chachki,,0.0,1,0.0,0,0
887,888,S07,3,S07E3,2.0,0.0,Ginger Minj,,0.0,1,0.0,0,0
888,889,S07,3,S07E3,2.0,0.0,Pearl,,0.0,1,0.0,0,0
889,890,S07,3,S07E3,4.0,0.0,Kennedy Davenport,,0.0,1,0.0,0,0
890,891,S07,3,S07E3,5.0,1.0,Katya,,0.0,1,0.0,0,0
891,892,S07,3,S07E3,6.0,0.0,Trixie Mattel,,0.0,1,0.0,0,0
892,893,S07,3,S07E3,7.0,0.0,Miss Fame,,0.0,1,0.0,0,0
893,894,S07,3,S07E3,8.0,0.0,Jaidynn Diore Fierce,,0.0,1,0.0,0,0
894,895,S07,3,S07E3,9.0,0.0,Max,,0.0,1,0.0,0,0
895,896,S07,3,S07E3,10.0,0.0,Kandy Ho,,0.0,1,0.0,0,0
896,897,S07,3,S07E3,11.0,0.0,Mrs. Kasha Davis,,0.0,1,0.0,0,0
897,898,S07,3,S07E3,12.0,0.0,Jasmine Masters,,1.0,1,0.0,0,0
900,901,S07,4,S07E4,1.0,0.0,Violet Chachki,,0.0,1,0.0,0,0
901,902,S07,4,S07E4,2.0,0.0,Ginger Minj,,0.0,1,0.0,0,0
902,903,S07,4,S07E4,2.0,0.0,Pearl,,0.0,1,0.0,0,0
903,904,S07,4,S07E4,4.0,0.0,Kennedy Davenport,,0.0,1,0.0,0,0
904,905,S07,4,S07E4,5.0,1.0,Katya,,0.0,1,0.0,0,0
905,906,S07,4,S07E4,6.0,0.0,Trixie Mattel,,1.0,1,0.0,0,0
906,907,S07,4,S07E4,7.0,0.0,Miss Fame,,0.0,1,0.0,0,0
907,908,S07,4,S07E4,8.0,0.0,Jaidynn Diore Fierce,,0.0,1,0.0,0,0
908,909,S07,4,S07E4,9.0,0.0,Max,,0.0,1,0.0,0,0
909,910,S07,4,S07E4,10.0,0.0,Kandy Ho,,0.0,1,0.0,0,0
910,911,S07,4,S07E4,11.0,0.0,Mrs. Kasha Davis,,0.0,1,0.0,0,0
914,915,S07,5,S07E5,1.0,0.0,Violet Chachki,,0.0,1,0.0,0,0
915,916,S07,5,S07E5,2.0,0.0,Ginger Minj,,0.0,1,0.0,0,0
916,917,S07,5,S07E5,2.0,0.0,Pearl,,0.0,1,0.0,0,0
917,918,S07,5,S07E5,4.0,0.0,Kennedy Davenport,,0.0,1,0.0,0,0
918,919,S07,5,S07E5,5.0,1.0,Katya,,0.0,1,1.0,0,0
920,921,S07,5,S07E5,7.0,0.0,Miss Fame,,0.0,1,0.0,0,0
921,922,S07,5,S07E5,8.0,0.0,Jaidynn Diore Fierce,,0.0,1,0.0,0,0
922,923,S07,5,S07E5,9.0,0.0,Max,,0.0,1,0.0,0,0
923,924,S07,5,S07E5,10.0,0.0,Kandy Ho,,0.0,1,0.0,0,0
924,925,S07,5,S07E5,11.0,0.0,Mrs. Kasha Davis,,0.0,1,1.0,0,0
928,929,S07,6,S07E6,1.0,0.0,Violet Chachki,,0.0,1,0.0,0,0
929,930,S07,6,S07E6,2.0,0.0,Ginger Minj,,0.0,1,1.0,0,0
930,931,S07,6,S07E6,2.0,0.0,Pearl,,0.0,1,0.0,0,0
931,932,S07,6,S07E6,4.0,0.0,Kennedy Davenport,,0.0,1,0.0,0,0
932,933,S07,6,S07E6,5.0,1.0,Katya,,0.0,1,0.0,0,0
934,935,S07,6,S07E6,7.0,0.0,Miss Fame,,0.0,1,0.0,0,0
935,936,S07,6,S07E6,8.0,0.0,Jaidynn Diore Fierce,,0.0,1,0.0,0,0
936,937,S07,6,S07E6,9.0,0.0,Max,,0.0,1,0.0,0,0
937,938,S07,6,S07E6,10.0,0.0,Kandy Ho,,1.0,1,0.0,0,0
942,943,S07,7,S07E7,1.0,0.0,Violet Chachki,,0.0,1,0.0,0,0
943,944,S07,7,S07E7,2.0,0.0,Ginger Minj,,0.0,1,0.0,0,0
944,945,S07,7,S07E7,2.0,0.0,Pearl,,0.0,1,0.0,0,0
945,946,S07,7,S07E7,4.0,0.0,Kennedy Davenport,,0.0,1,0.0,0,0
946,947,S07,7,S07E7,5.0,1.0,Katya,,0.0,1,0.0,0,0
948,949,S07,7,S07E7,7.0,0.0,Miss Fame,,0.0,1,0.0,0,0
949,950,S07,7,S07E7,8.0,0.0,Jaidynn Diore Fierce,,0.0,1,0.0,0,0
950,951,S07,7,S07E7,9.0,0.0,Max,,1.0,1,0.0,0,0
956,957,S07,8,S07E8,1.0,0.0,Violet Chachki,,0.0,1,0.0,0,0
957,958,S07,8,S07E8,2.0,0.0,Ginger Minj,,0.0,1,0.0,0,0
958,959,S07,8,S07E8,2.0,0.0,Pearl,,0.0,1,0.0,0,0
959,960,S07,8,S07E8,4.0,0.0,Kennedy Davenport,,0.0,1,1.0,0,0
960,961,S07,8,S07E8,5.0,1.0,Katya,,0.0,1,0.0,0,0
961,962,S07,8,S07E8,6.0,0.0,Trixie Mattel,,0.0,1,0.0,0,0
962,963,S07,8,S07E8,7.0,0.0,Miss Fame,,0.0,1,0.0,0,0
963,964,S07,8,S07E8,8.0,0.0,Jaidynn Diore Fierce,,1.0,1,0.0,0,0
964,965,S07,8,S07E8,9.0,0.0,Max,,0.0,1,0.0,0,0
965,966,S07,8,S07E8,10.0,0.0,Kandy Ho,,0.0,1,0.0,0,0
966,967,S07,8,S07E8,11.0,0.0,Mrs. Kasha Davis,,0.0,1,0.0,0,0
967,968,S07,8,S07E8,12.0,0.0,Jasmine Masters,,0.0,1,0.0,0,0
968,969,S07,8,S07E8,13.0,0.0,Sasha Belle,,0.0,1,0.0,0,0
969,970,S07,8,S07E8,14.0,0.0,Tempest DuJour,,0.0,1,0.0,0,0
970,971,S07,9,S07E9,1.0,0.0,Violet Chachki,,0.0,1,0.0,0,0
971,972,S07,9,S07E9,2.0,0.0,Ginger Minj,,0.0,1,0.0,0,0
972,973,S07,9,S07E9,2.0,0.0,Pearl,,0.0,1,0.0,0,0
973,974,S07,9,S07E9,4.0,0.0,Kennedy Davenport,,0.0,1,0.0,0,0
974,975,S07,9,S07E9,5.0,1.0,Katya,,0.0,1,0.0,0,0
975,976,S07,9,S07E9,6.0,0.0,Trixie Mattel,,0.0,1,1.0,0,0
976,977,S07,9,S07E9,7.0,0.0,Miss Fame,,1.0,1,0.0,0,0
984,985,S07,10,S07E10,1.0,0.0,Violet Chachki,,0.0,1,1.0,0,0
985,986,S07,10,S07E10,2.0,0.0,Ginger Minj,,0.0,1,0.0,0,0
986,987,S07,10,S07E10,2.0,0.0,Pearl,,0.0,1,0.0,0,0
987,988,S07,10,S07E10,4.0,0.0,Kennedy Davenport,,0.0,1,0.0,0,0
988,989,S07,10,S07E10,5.0,1.0,Katya,,0.0,1,0.0,0,0
989,990,S07,10,S07E10,6.0,0.0,Trixie Mattel,,1.0,1,0.0,0,0
998,999,S07,11,S07E11,1.0,0.0,Violet Chachki,,0.0,1,0.0,0,0
999,1000,S07,11,S07E11,2.0,0.0,Ginger Minj,,0.0,1,1.0,0,0
1000,1001,S07,11,S07E11,2.0,0.0,Pearl,,0.0,1,0.0,0,0
1001,1002,S07,11,S07E11,4.0,0.0,Kennedy Davenport,,0.0,1,0.0,0,0
1002,1003,S07,11,S07E11,5.0,1.0,Katya,,1.0,1,0.0,0,0
1012,1013,S07,12,S07E12,1.0,0.0,Violet Chachki,,0.0,1,0.0,0,1
1013,1014,S07,12,S07E12,2.0,0.0,Ginger Minj,,0.0,1,0.0,0,1
1014,1015,S07,12,S07E12,2.0,0.0,Pearl,,0.0,1,0.0,0,1
1015,1016,S07,12,S07E12,4.0,0.0,Kennedy Davenport,,1.0,1,0.0,0,1
1026,1027,S07,14,S07E14,1.0,0.0,Violet Chachki,QUEEN SUPREME,0.0,1,0.0,1,0
1027,1028,S07,14,S07E14,2.0,0.0,Ginger Minj,FINALE,0.0,1,0.0,1,0
1028,1029,S07,14,S07E14,2.0,0.0,Pearl,FINALE,0.0,1,0.0,1,0
1040,1041,S08,1,S08E1,1.0,0.0,Bob the Drag Queen,,0.0,1,0.0,0,0
1041,1042,S08,1,S08E1,2.0,0.0,Kim Chi,,0.0,1,0.0,0,0
1042,1043,S08,1,S08E1,2.0,0.0,Naomi Smalls,,0.0,1,0.0,0,0
1043,1044,S08,1,S08E1,4.0,0.0,Chi Chi DeVayne,,0.0,1,0.0,0,0
1044,1045,S08,1,S08E1,5.0,0.0,Derrick Barry,,0.0,1,0.0,0,0
1045,1046,S08,1,S08E1,6.0,0.0,Thorgy Thor,,0.0,1,0.0,0,0
1046,1047,S08,1,S08E1,7.0,0.0,Robbie Turner,,0.0,1,1.0,0,0
1047,1048,S08,1,S08E1,8.0,0.0,Acid Betty,,0.0,1,0.0,0,0
1048,1049,S08,1,S08E1,9.0,0.0,Naysha Lopez,,1.0,1,0.0,0,0
1049,1050,S08,1,S08E1,10.0,1.0,Cynthia Lee Fontaine,,0.0,1,0.0,0,0
1050,1051,S08,1,S08E1,11.0,0.0,Dax ExclamationPoint,,0.0,1,0.0,0,0
1051,1052,S08,1,S08E1,11.0,0.0,Laila McQueen,,0.0,1,0.0,0,0
1052,1053,S08,2,S08E2,1.0,0.0,Bob the Drag Queen,,0.0,1,0.0,0,0
1053,1054,S08,2,S08E2,2.0,0.0,Kim Chi,,0.0,1,0.0,0,0
1054,1055,S08,2,S08E2,2.0,0.0,Naomi Smalls,,0.0,1,0.0,0,0
1055,1056,S08,2,S08E2,4.0,0.0,Chi Chi DeVayne,,0.0,1,0.0,0,0
1056,1057,S08,2,S08E2,5.0,0.0,Derrick Barry,,0.0,1,0.0,0,0
1057,1058,S08,2,S08E2,6.0,0.0,Thorgy Thor,,0.0,1,0.0,0,0
1058,1059,S08,2,S08E2,7.0,0.0,Robbie Turner,,0.0,1,0.0,0,0
1059,1060,S08,2,S08E2,8.0,0.0,Acid Betty,,0.0,1,0.0,0,0
1061,1062,S08,2,S08E2,10.0,1.0,Cynthia Lee Fontaine,,0.0,1,0.0,0,0
1062,1063,S08,2,S08E2,11.0,0.0,Dax ExclamationPoint,,1.0,1,0.0,0,0
1063,1064,S08,2,S08E2,11.0,0.0,Laila McQueen,,1.0,1,0.0,0,0
1064,1065,S08,3,S08E3,1.0,0.0,Bob the Drag Queen,,0.0,1,0.0,0,0
1065,1066,S08,3,S08E3,2.0,0.0,Kim Chi,,0.0,1,0.0,0,0
1066,1067,S08,3,S08E3,2.0,0.0,Naomi Smalls,,0.0,1,0.0,0,0
1067,1068,S08,3,S08E3,4.0,0.0,Chi Chi DeVayne,,0.0,1,0.0,0,0
1068,1069,S08,3,S08E3,5.0,0.0,Derrick Barry,,0.0,1,0.0,0,0
1069,1070,S08,3,S08E3,6.0,0.0,Thorgy Thor,,0.0,1,0.0,0,0
1070,1071,S08,3,S08E3,7.0,0.0,Robbie Turner,,0.0,1,0.0,0,0
1071,1072,S08,3,S08E3,8.0,0.0,Acid Betty,,0.0,1,0.0,0,0
1072,1073,S08,3,S08E3,9.0,0.0,Naysha Lopez,,0.0,1,0.0,0,0
1073,1074,S08,3,S08E3,10.0,1.0,Cynthia Lee Fontaine,,1.0,1,0.0,0,0
1076,1077,S08,4,S08E4,1.0,0.0,Bob the Drag Queen,,0.0,1,0.0,0,0
1077,1078,S08,4,S08E4,2.0,0.0,Kim Chi,,0.0,1,0.0,0,0
1078,1079,S08,4,S08E4,2.0,0.0,Naomi Smalls,,0.0,1,0.0,0,0
1079,1080,S08,4,S08E4,4.0,0.0,Chi Chi DeVayne,,0.0,1,0.0,0,0
1080,1081,S08,4,S08E4,5.0,0.0,Derrick Barry,,0.0,1,0.0,0,0
1081,1082,S08,4,S08E4,6.0,0.0,Thorgy Thor,,0.0,1,0.0,0,0
1082,1083,S08,4,S08E4,7.0,0.0,Robbie Turner,,0.0,1,0.0,0,0
1083,1084,S08,4,S08E4,8.0,0.0,Acid Betty,,0.0,1,0.0,0,0
1084,1085,S08,4,S08E4,9.0,0.0,Naysha Lopez,,1.0,1,0.0,0,0
1088,1089,S08,5,S08E5,1.0,0.0,Bob the Drag Queen,,0.0,1,0.0,0,0
1089,1090,S08,5,S08E5,2.0,0.0,Kim Chi,,0.0,1,0.0,0,0
1090,1091,S08,5,S08E5,2.0,0.0,Naomi Smalls,,0.0,1,0.0,0,0
1091,1092,S08,5,S08E5,4.0,0.0,Chi Chi DeVayne,,0.0,1,0.0,0,0
1092,1093,S08,5,S08E5,5.0,0.0,Derrick Barry,,0.0,1,0.0,0,0
1093,1094,S08,5,S08E5,6.0,0.0,Thorgy Thor,,0.0,1,0.0,0,0
1094,1095,S08,5,S08E5,7.0,0.0,Robbie Turner,,0.0,1,0.0,0,0
1095,1096,S08,5,S08E5,8.0,0.0,Acid Betty,,1.0,1,0.0,0,0
1100,1101,S08,6,S08E6,1.0,0.0,Bob the Drag Queen,,0.0,1,1.0,0,0
1101,1102,S08,6,S08E6,2.0,0.0,Kim Chi,,0.0,1,0.0,0,0
1102,1103,S08,6,S08E6,2.0,0.0,Naomi Smalls,,0.0,1,0.0,0,0
1103,1104,S08,6,S08E6,4.0,0.0,Chi Chi DeVayne,,0.0,1,0.0,0,0
1104,1105,S08,6,S08E6,5.0,0.0,Derrick Barry,,0.0,1,0.0,0,0
1105,1106,S08,6,S08E6,6.0,0.0,Thorgy Thor,,0.0,1,0.0,0,0
1106,1107,S08,6,S08E6,7.0,0.0,Robbie Turner,,1.0,1,0.0,0,0
1112,1113,S08,7,S08E7,1.0,0.0,Bob the Drag Queen,,0.0,1,0.0,0,0
1113,1114,S08,7,S08E7,2.0,0.0,Kim Chi,,0.0,1,0.0,0,0
1114,1115,S08,7,S08E7,2.0,0.0,Naomi Smalls,,0.0,1,0.0,0,0
1115,1116,S08,7,S08E7,4.0,0.0,Chi Chi DeVayne,,0.0,1,0.0,0,0
1116,1117,S08,7,S08E7,5.0,0.0,Derrick Barry,,0.0,1,1.0,0,0
1117,1118,S08,7,S08E7,6.0,0.0,Thorgy Thor,,1.0,1,0.0,0,0
1124,1125,S08,8,S08E8,1.0,0.0,Bob the Drag Queen,,0.0,1,0.0,0,0
1125,1126,S08,8,S08E8,2.0,0.0,Kim Chi,,0.0,1,0.0,0,0
1126,1127,S08,8,S08E8,2.0,0.0,Naomi Smalls,,0.0,1,0.0,0,0
1127,1128,S08,8,S08E8,4.0,0.0,Chi Chi DeVayne,,0.0,1,1.0,0,0
1128,1129,S08,8,S08E8,5.0,0.0,Derrick Barry,,1.0,1,0.0,0,0
1136,1137,S08,9,S08E9,1.0,0.0,Bob the Drag Queen,,0.0,1,0.0,0,1
1137,1138,S08,9,S08E9,2.0,0.0,Kim Chi,,0.0,1,0.0,0,1
1138,1139,S08,9,S08E9,2.0,0.0,Naomi Smalls,,0.0,1,0.0,0,1
1139,1140,S08,9,S08E9,4.0,0.0,Chi Chi DeVayne,,1.0,1,0.0,0,1
1148,1149,S08,10,S08E10,1.0,0.0,Bob the Drag Queen,QUEEN SUPREME,0.0,1,0.0,1,0
1149,1150,S08,10,S08E10,2.0,0.0,Kim Chi,FINALE,0.0,1,0.0,1,0
1150,1151,S08,10,S08E10,2.0,0.0,Naomi Smalls,FINALE,0.0,1,0.0,1,0
1160,1161,S09,1,S09E1,1.0,0.0,Sasha Velour,,0.0,1,0.0,0,0
1161,1162,S09,1,S09E1,2.0,0.0,Peppermint,,0.0,1,0.0,0,0
1162,1163,S09,1,S09E1,3.0,0.0,Shea Couleé,,0.0,1,0.0,0,0
1163,1164,S09,1,S09E1,3.0,0.0,Trinity Taylor,,0.0,1,0.0,0,0
1164,1165,S09,1,S09E1,5.0,0.0,Alexis Michelle,,0.0,1,0.0,0,0
1165,1166,S09,1,S09E1,6.0,0.0,Nina Bo'nina Brown,,0.0,1,0.0,0,0
1166,1167,S09,1,S09E1,7.0,1.0,Valentina,,0.0,1,0.0,0,0
1167,1168,S09,1,S09E1,8.0,0.0,Farrah Moan,,0.0,1,0.0,0,0
1168,1169,S09,1,S09E1,9.0,0.0,Aja,,0.0,1,0.0,0,0
1170,1171,S09,1,S09E1,11.0,0.0,Eureka O'Hara,,0.0,1,0.0,0,0
1171,1172,S09,1,S09E1,12.0,0.0,Charlie Hides,,0.0,1,0.0,0,0
1172,1173,S09,1,S09E1,13.0,0.0,Kimora Blac,,0.0,1,0.0,0,0
1173,1174,S09,1,S09E1,14.0,0.0,Jaymes Mansfield,,0.0,1,0.0,0,0
1174,1175,S09,2,S09E2,1.0,0.0,Sasha Velour,,0.0,1,0.0,0,0
1175,1176,S09,2,S09E2,2.0,0.0,Peppermint,,0.0,1,0.0,0,0
1176,1177,S09,2,S09E2,3.0,0.0,Shea Couleé,,0.0,1,0.0,0,0
1177,1178,S09,2,S09E2,3.0,0.0,Trinity Taylor,,0.0,1,0.0,0,0
1178,1179,S09,2,S09E2,5.0,0.0,Alexis Michelle,,0.0,1,0.0,0,0
1179,1180,S09,2,S09E2,6.0,0.0,Nina Bo'nina Brown,,0.0,1,0.0,0,0
1180,1181,S09,2,S09E2,7.0,1.0,Valentina,,0.0,1,0.0,0,0
1181,1182,S09,2,S09E2,8.0,0.0,Farrah Moan,,0.0,1,0.0,0,0
1182,1183,S09,2,S09E2,9.0,0.0,Aja,,0.0,1,0.0,0,0
1183,1184,S09,2,S09E2,10.0,0.0,Cynthia Lee Fontaine,,0.0,1,0.0,0,0
1184,1185,S09,2,S09E2,11.0,0.0,Eureka O'Hara,,0.0,1,0.0,0,0
1185,1186,S09,2,S09E2,12.0,0.0,Charlie Hides,,0.0,1,0.0,0,0
1186,1187,S09,2,S09E2,13.0,0.0,Kimora Blac,,0.0,1,0.0,0,0
1187,1188,S09,2,S09E2,14.0,0.0,Jaymes Mansfield,,1.0,1,0.0,0,0
1188,1189,S09,3,S09E3,1.0,0.0,Sasha Velour,,0.0,1,0.0,0,0
1189,1190,S09,3,S09E3,2.0,0.0,Peppermint,,0.0,1,0.0,0,0
1190,1191,S09,3,S09E3,3.0,0.0,Shea Couleé,,0.0,1,0.0,0,0
1191,1192,S09,3,S09E3,3.0,0.0,Trinity Taylor,,0.0,1,0.0,0,0
1192,1193,S09,3,S09E3,5.0,0.0,Alexis Michelle,,0.0,1,0.0,0,0
1193,1194,S09,3,S09E3,6.0,0.0,Nina Bo'nina Brown,,0.0,1,0.0,0,0
1194,1195,S09,3,S09E3,7.0,1.0,Valentina,,0.0,1,0.0,0,0
1195,1196,S09,3,S09E3,8.0,0.0,Farrah Moan,,0.0,1,0.0,0,0
1196,1197,S09,3,S09E3,9.0,0.0,Aja,,0.0,1,0.0,0,0
1197,1198,S09,3,S09E3,10.0,0.0,Cynthia Lee Fontaine,,0.0,1,0.0,0,0
1198,1199,S09,3,S09E3,11.0,0.0,Eureka O'Hara,,0.0,1,0.0,0,0
1199,1200,S09,3,S09E3,12.0,0.0,Charlie Hides,,0.0,1,0.0,0,0
1200,1201,S09,3,S09E3,13.0,0.0,Kimora Blac,,1.0,1,0.0,0,0
1202,1203,S09,4,S09E4,1.0,0.0,Sasha Velour,,0.0,1,0.0,0,0
1203,1204,S09,4,S09E4,2.0,0.0,Peppermint,,0.0,1,0.0,0,0
1204,1205,S09,4,S09E4,3.0,0.0,Shea Couleé,,0.0,1,0.0,0,0
1205,1206,S09,4,S09E4,3.0,0.0,Trinity Taylor,,0.0,1,0.0,0,0
1206,1207,S09,4,S09E4,5.0,0.0,Alexis Michelle,,0.0,1,0.0,0,0
1207,1208,S09,4,S09E4,6.0,0.0,Nina Bo'nina Brown,,0.0,1,0.0,0,0
1208,1209,S09,4,S09E4,7.0,1.0,Valentina,,0.0,1,0.0,0,0
1209,1210,S09,4,S09E4,8.0,0.0,Farrah Moan,,0.0,1,0.0,0,0
1210,1211,S09,4,S09E4,9.0,0.0,Aja,,0.0,1,0.0,0,0
1211,1212,S09,4,S09E4,10.0,0.0,Cynthia Lee Fontaine,,0.0,1,0.0,0,0
1212,1213,S09,4,S09E4,11.0,0.0,Eureka O'Hara,,0.0,1,0.0,0,0
1213,1214,S09,4,S09E4,12.0,0.0,Charlie Hides,,1.0,1,0.0,0,0
1216,1217,S09,5,S09E5,1.0,0.0,Sasha Velour,,0.0,1,0.0,0,0
1217,1218,S09,5,S09E5,2.0,0.0,Peppermint,,0.0,1,0.0,0,0
1218,1219,S09,5,S09E5,3.0,0.0,Shea Couleé,,0.0,1,0.0,0,0
1219,1220,S09,5,S09E5,3.0,0.0,Trinity Taylor,,0.0,1,0.0,0,0
1220,1221,S09,5,S09E5,5.0,0.0,Alexis Michelle,,0.0,1,1.0,0,0
1221,1222,S09,5,S09E5,6.0,0.0,Nina Bo'nina Brown,,0.0,1,0.0,0,0
1222,1223,S09,5,S09E5,7.0,1.0,Valentina,,0.0,1,0.0,0,0
1223,1224,S09,5,S09E5,8.0,0.0,Farrah Moan,,0.0,1,0.0,0,0
1224,1225,S09,5,S09E5,9.0,0.0,Aja,,0.0,1,0.0,0,0
1225,1226,S09,5,S09E5,10.0,0.0,Cynthia Lee Fontaine,,0.0,1,0.0,0,0
1226,1227,S09,5,S09E5,11.0,0.0,Eureka O'Hara,,0.0,1,0.0,0,0
1230,1231,S09,6,S09E6,1.0,0.0,Sasha Velour,,0.0,1,0.0,0,0
1231,1232,S09,6,S09E6,2.0,0.0,Peppermint,,0.0,1,0.0,0,0
1232,1233,S09,6,S09E6,3.0,0.0,Shea Couleé,,0.0,1,0.0,0,0
1233,1234,S09,6,S09E6,3.0,0.0,Trinity Taylor,,0.0,1,0.0,0,0
1234,1235,S09,6,S09E6,5.0,0.0,Alexis Michelle,,0.0,1,0.0,0,0
1235,1236,S09,6,S09E6,6.0,0.0,Nina Bo'nina Brown,,0.0,1,0.0,0,0
1236,1237,S09,6,S09E6,7.0,1.0,Valentina,,0.0,1,0.0,0,0
1237,1238,S09,6,S09E6,8.0,0.0,Farrah Moan,,0.0,1,0.0,0,0
1238,1239,S09,6,S09E6,9.0,0.0,Aja,,0.0,1,0.0,0,0
1239,1240,S09,6,S09E6,10.0,0.0,Cynthia Lee Fontaine,,1.0,1,0.0,0,0
1244,1245,S09,7,S09E7,1.0,0.0,Sasha Velour,,0.0,1,0.0,0,0
1245,1246,S09,7,S09E7,2.0,0.0,Peppermint,,0.0,1,0.0,0,0
1246,1247,S09,7,S09E7,3.0,0.0,Shea Couleé,,0.0,1,0.0,0,0
1247,1248,S09,7,S09E7,3.0,0.0,Trinity Taylor,,0.0,1,0.0,0,0
1248,1249,S09,7,S09E7,5.0,0.0,Alexis Michelle,,0.0,1,0.0,0,0
1249,1250,S09,7,S09E7,6.0,0.0,Nina Bo'nina Brown,,0.0,1,0.0,0,0
1250,1251,S09,7,S09E7,7.0,1.0,Valentina,,0.0,1,0.0,0,0
1251,1252,S09,7,S09E7,8.0,0.0,Farrah Moan,,0.0,1,0.0,0,0
1252,1253,S09,7,S09E7,9.0,0.0,Aja,,1.0,1,0.0,0,0
1258,1259,S09,8,S09E8,1.0,0.0,Sasha Velour,,0.0,1,0.0,0,0
1259,1260,S09,8,S09E8,2.0,0.0,Peppermint,,0.0,1,0.0,0,0
1260,1261,S09,8,S09E8,3.0,0.0,Shea Couleé,,0.0,1,0.0,0,0
1261,1262,S09,8,S09E8,3.0,0.0,Trinity Taylor,,0.0,1,0.0,0,0
1262,1263,S09,8,S09E8,5.0,0.0,Alexis Michelle,,0.0,1,0.0,0,0
1263,1264,S09,8,S09E8,6.0,0.0,Nina Bo'nina Brown,,0.0,1,0.0,0,0
1264,1265,S09,8,S09E8,7.0,1.0,Valentina,,0.0,1,1.0,0,0
1265,1266,S09,8,S09E8,8.0,0.0,Farrah Moan,,1.0,1,0.0,0,0
1272,1273,S09,9,S09E9,1.0,0.0,Sasha Velour,,0.0,1,0.0,0,0
1273,1274,S09,9,S09E9,2.0,0.0,Peppermint,,0.0,1,0.0,0,0
1274,1275,S09,9,S09E9,3.0,0.0,Shea Couleé,,0.0,1,0.0,0,0
1275,1276,S09,9,S09E9,3.0,0.0,Trinity Taylor,,0.0,1,0.0,0,0
1276,1277,S09,9,S09E9,5.0,0.0,Alexis Michelle,,0.0,1,0.0,0,0
1277,1278,S09,9,S09E9,6.0,0.0,Nina Bo'nina Brown,,0.0,1,0.0,0,0
1278,1279,S09,9,S09E9,7.0,1.0,Valentina,,1.0,1,0.0,0,0
1286,1287,S09,10,S09E10,1.0,0.0,Sasha Velour,,0.0,1,0.0,0,0
1287,1288,S09,10,S09E10,2.0,0.0,Peppermint,,0.0,1,0.0,0,0
1288,1289,S09,10,S09E10,3.0,0.0,Shea Couleé,,0.0,1,0.0,0,0
1289,1290,S09,10,S09E10,3.0,0.0,Trinity Taylor,,0.0,1,0.0,0,0
1290,1291,S09,10,S09E10,5.0,0.0,Alexis Michelle,,0.0,1,0.0,0,0
1291,1292,S09,10,S09E10,6.0,0.0,Nina Bo'nina Brown,,1.0,1,0.0,0,0
1300,1301,S09,11,S09E11,1.0,0.0,Sasha Velour,,0.0,1,1.0,0,0
1301,1302,S09,11,S09E11,2.0,0.0,Peppermint,,0.0,1,0.0,0,0
1302,1303,S09,11,S09E11,3.0,0.0,Shea Couleé,,0.0,1,0.0,0,0
1303,1304,S09,11,S09E11,3.0,0.0,Trinity Taylor,,0.0,1,0.0,0,0
1304,1305,S09,11,S09E11,5.0,0.0,Alexis Michelle,,1.0,1,0.0,0,0
1314,1315,S09,14,S09E14,1.0,0.0,Sasha Velour,QUEEN SUPREME,0.0,1,0.0,1,0
1315,1316,S09,14,S09E14,2.0,0.0,Peppermint,FINALE,0.0,1,0.0,1,0
1316,1317,S09,14,S09E14,3.0,0.0,Shea Couleé,FINALE,0.0,1,0.0,1,0
1317,1318,S09,14,S09E14,3.0,0.0,Trinity Taylor,FINALE,0.0,1,0.0,1,0
1328,1329,S10,1,S10E1,1.0,0.0,Aquaria,,0.0,1,0.0,0,0
1329,1330,S10,1,S10E1,2.0,0.0,Eureka O'Hara,,0.0,1,0.0,0,0
1330,1331,S10,1,S10E1,2.0,0.0,Kameron Michaels,,0.0,1,0.0,0,0
1331,1332,S10,1,S10E1,4.0,0.0,Asia O'Hara,,0.0,1,0.0,0,0
1332,1333,S10,1,S10E1,5.0,0.0,Miz Cracker,,0.0,1,0.0,0,0
1333,1334,S10,1,S10E1,6.0,1.0,Monét X Change,,0.0,1,1.0,0,0
1334,1335,S10,1,S10E1,7.0,0.0,The Vixen,,0.0,1,0.0,0,0
1335,1336,S10,1,S10E1,8.0,0.0,Monique Heart,,0.0,1,0.0,0,0
1336,1337,S10,1,S10E1,9.0,0.0,Blair St. Clair,,0.0,1,0.0,0,0
1337,1338,S10,1,S10E1,10.0,0.0,Mayhem Miller,,0.0,1,0.0,0,0
1338,1339,S10,1,S10E1,11.0,0.0,Dusty Ray Bottoms,,0.0,1,0.0,0,0
1339,1340,S10,1,S10E1,12.0,0.0,Yuhua Hamasaki,,0.0,1,0.0,0,0
1340,1341,S10,1,S10E1,13.0,0.0,Kalorie Karbdashian Williams,,0.0,1,0.0,0,0
1341,1342,S10,1,S10E1,14.0,0.0,Vanessa Vanjie Mateo,,1.0,1,0.0,0,0
1342,1343,S10,2,S10E2,1.0,0.0,Aquaria,,0.0,1,0.0,0,0
1343,1344,S10,2,S10E2,2.0,0.0,Eureka O'Hara,,0.0,1,0.0,0,0
1344,1345,S10,2,S10E2,2.0,0.0,Kameron Michaels,,0.0,1,0.0,0,0
1345,1346,S10,2,S10E2,4.0,0.0,Asia O'Hara,,0.0,1,0.0,0,0
1346,1347,S10,2,S10E2,5.0,0.0,Miz Cracker,,0.0,1,0.0,0,0
1347,1348,S10,2,S10E2,6.0,1.0,Monét X Change,,0.0,1,0.0,0,0
1348,1349,S10,2,S10E2,7.0,0.0,The Vixen,,0.0,1,0.0,0,0
1349,1350,S10,2,S10E2,8.0,0.0,Monique Heart,,0.0,1,0.0,0,0
1350,1351,S10,2,S10E2,9.0,0.0,Blair St. Clair,,0.0,1,0.0,0,0
1351,1352,S10,2,S10E2,10.0,0.0,Mayhem Miller,,0.0,1,0.0,0,0
1352,1353,S10,2,S10E2,11.0,0.0,Dusty Ray Bottoms,,0.0,1,0.0,0,0
1353,1354,S10,2,S10E2,12.0,0.0,Yuhua Hamasaki,,0.0,1,0.0,0,0
1354,1355,S10,2,S10E2,13.0,0.0,Kalorie Karbdashian Williams,,1.0,1,0.0,0,0
1356,1357,S10,3,S10E3,1.0,0.0,Aquaria,,0.0,1,0.0,0,0
1357,1358,S10,3,S10E3,2.0,0.0,Eureka O'Hara,,0.0,1,0.0,0,0
1358,1359,S10,3,S10E3,2.0,0.0,Kameron Michaels,,0.0,1,0.0,0,0
1359,1360,S10,3,S10E3,4.0,0.0,Asia O'Hara,,0.0,1,0.0,0,0
1360,1361,S10,3,S10E3,5.0,0.0,Miz Cracker,,0.0,1,0.0,0,0
1361,1362,S10,3,S10E3,6.0,1.0,Monét X Change,,0.0,1,0.0,0,0
1362,1363,S10,3,S10E3,7.0,0.0,The Vixen,,0.0,1,0.0,0,0
1363,1364,S10,3,S10E3,8.0,0.0,Monique Heart,,0.0,1,0.0,0,0
1364,1365,S10,3,S10E3,9.0,0.0,Blair St. Clair,,0.0,1,0.0,0,0
1365,1366,S10,3,S10E3,10.0,0.0,Mayhem Miller,,0.0,1,0.0,0,0
1366,1367,S10,3,S10E3,11.0,0.0,Dusty Ray Bottoms,,0.0,1,0.0,0,0
1367,1368,S10,3,S10E3,12.0,0.0,Yuhua Hamasaki,,1.0,1,0.0,0,0
1370,1371,S10,4,S10E4,1.0,0.0,Aquaria,,0.0,1,1.0,0,0
1371,1372,S10,4,S10E4,2.0,0.0,Eureka O'Hara,,0.0,1,0.0,0,0
1372,1373,S10,4,S10E4,2.0,0.0,Kameron Michaels,,0.0,1,0.0,0,0
1373,1374,S10,4,S10E4,4.0,0.0,Asia O'Hara,,0.0,1,0.0,0,0
1374,1375,S10,4,S10E4,5.0,0.0,Miz Cracker,,0.0,1,0.0,0,0
1375,1376,S10,4,S10E4,6.0,1.0,Monét X Change,,0.0,1,0.0,0,0
1376,1377,S10,4,S10E4,7.0,0.0,The Vixen,,0.0,1,0.0,0,0
1377,1378,S10,4,S10E4,8.0,0.0,Monique Heart,,0.0,1,0.0,0,0
1378,1379,S10,4,S10E4,9.0,0.0,Blair St. Clair,,0.0,1,0.0,0,0
1379,1380,S10,4,S10E4,10.0,0.0,Mayhem Miller,,0.0,1,0.0,0,0
1380,1381,S10,4,S10E4,11.0,0.0,Dusty Ray Bottoms,,1.0,1,0.0,0,0
1384,1385,S10,5,S10E5,1.0,0.0,Aquaria,,0.0,1,0.0,0,0
1385,1386,S10,5,S10E5,2.0,0.0,Eureka O'Hara,,0.0,1,0.0,0,0
1386,1387,S10,5,S10E5,2.0,0.0,Kameron Michaels,,0.0,1,0.0,0,0
1387,1388,S10,5,S10E5,4.0,0.0,Asia O'Hara,,0.0,1,0.0,0,0
1388,1389,S10,5,S10E5,5.0,0.0,Miz Cracker,,0.0,1,0.0,0,0
1389,1390,S10,5,S10E5,6.0,1.0,Monét X Change,,0.0,1,0.0,0,0
1390,1391,S10,5,S10E5,7.0,0.0,The Vixen,,0.0,1,1.0,0,0
1391,1392,S10,5,S10E5,8.0,0.0,Monique Heart,,0.0,1,0.0,0,0
1392,1393,S10,5,S10E5,9.0,0.0,Blair St. Clair,,0.0,1,0.0,0,0
1393,1394,S10,5,S10E5,10.0,0.0,Mayhem Miller,,1.0,1,0.0,0,0
1398,1399,S10,6,S10E6,1.0,0.0,Aquaria,,0.0,1,0.0,0,0
1399,1400,S10,6,S10E6,2.0,0.0,Eureka O'Hara,,0.0,1,0.0,0,0
1400,1401,S10,6,S10E6,2.0,0.0,Kameron Michaels,,0.0,1,0.0,0,0
1401,1402,S10,6,S10E6,4.0,0.0,Asia O'Hara,,0.0,1,1.0,0,0
1402,1403,S10,6,S10E6,5.0,0.0,Miz Cracker,,0.0,1,0.0,0,0
1403,1404,S10,6,S10E6,6.0,1.0,Monét X Change,,0.0,1,0.0,0,0
1404,1405,S10,6,S10E6,7.0,0.0,The Vixen,,0.0,1,0.0,0,0
1405,1406,S10,6,S10E6,8.0,0.0,Monique Heart,,0.0,1,0.0,0,0
1406,1407,S10,6,S10E6,9.0,0.0,Blair St. Clair,,1.0,1,0.0,0,0
1412,1413,S10,7,S10E7,1.0,0.0,Aquaria,,0.0,1,0.0,0,0
1413,1414,S10,7,S10E7,2.0,0.0,Eureka O'Hara,,0.0,1,1.0,0,0
1414,1415,S10,7,S10E7,2.0,0.0,Kameron Michaels,,0.0,1,0.0,0,0
1415,1416,S10,7,S10E7,4.0,0.0,Asia O'Hara,,0.0,1,0.0,0,0
1416,1417,S10,7,S10E7,5.0,0.0,Miz Cracker,,0.0,1,0.0,0,0
1417,1418,S10,7,S10E7,6.0,1.0,Monét X Change,,0.0,1,0.0,0,0
1418,1419,S10,7,S10E7,7.0,0.0,The Vixen,,0.0,1,0.0,0,0
1419,1420,S10,7,S10E7,8.0,0.0,Monique Heart,,1.0,1,0.0,0,0
1426,1427,S10,8,S10E8,1.0,0.0,Aquaria,,0.0,1,0.0,0,0
1427,1428,S10,8,S10E8,2.0,0.0,Eureka O'Hara,,0.0,1,0.0,0,0
1428,1429,S10,8,S10E8,2.0,0.0,Kameron Michaels,,0.0,1,0.0,0,0
1429,1430,S10,8,S10E8,4.0,0.0,Asia O'Hara,,0.0,1,1.0,0,0
1430,1431,S10,8,S10E8,5.0,0.0,Miz Cracker,,0.0,1,0.0,0,0
1431,1432,S10,8,S10E8,6.0,1.0,Monét X Change,,0.0,1,0.0,0,0
1432,1433,S10,8,S10E8,7.0,0.0,The Vixen,,1.0,1,0.0,0,0
1440,1441,S10,9,S10E9,1.0,0.0,Aquaria,,0.0,1,1.0,0,0
1441,1442,S10,9,S10E9,2.0,0.0,Eureka O'Hara,,0.0,1,0.0,0,0
1442,1443,S10,9,S10E9,2.0,0.0,Kameron Michaels,,0.0,1,0.0,0,0
1443,1444,S10,9,S10E9,4.0,0.0,Asia O'Hara,,0.0,1,0.0,0,0
1444,1445,S10,9,S10E9,5.0,0.0,Miz Cracker,,0.0,1,0.0,0,0
1445,1446,S10,9,S10E9,6.0,1.0,Monét X Change,,0.0,1,0.0,0,0
1454,1455,S10,10,S10E10,1.0,0.0,Aquaria,,0.0,1,0.0,0,0
1455,1456,S10,10,S10E10,2.0,0.0,Eureka O'Hara,,0.0,1,1.0,0,0
1456,1457,S10,10,S10E10,2.0,0.0,Kameron Michaels,,0.0,1,0.0,0,0
1457,1458,S10,10,S10E10,4.0,0.0,Asia O'Hara,,0.0,1,0.0,0,0
1458,1459,S10,10,S10E10,5.0,0.0,Miz Cracker,,0.0,1,0.0,0,0
1459,1460,S10,10,S10E10,6.0,1.0,Monét X Change,,1.0,1,0.0,0,0
1468,1469,S10,11,S10E11,1.0,0.0,Aquaria,,0.0,1,0.0,0,0
1469,1470,S10,11,S10E11,2.0,0.0,Eureka O'Hara,,0.0,1,0.0,0,0
1470,1471,S10,11,S10E11,2.0,0.0,Kameron Michaels,,0.0,1,0.0,0,0
1471,1472,S10,11,S10E11,4.0,0.0,Asia O'Hara,,0.0,1,1.0,0,0
1472,1473,S10,11,S10E11,5.0,0.0,Miz Cracker,,1.0,1,0.0,0,0
1482,1483,S10,14,S10E14,1.0,0.0,Aquaria,QUEEN SUPREME,0.0,1,0.0,1,0
1483,1484,S10,14,S10E14,2.0,0.0,Eureka O'Hara,FINALE,0.0,1,0.0,1,0
1484,1485,S10,14,S10E14,2.0,0.0,Kameron Michaels,FINALE,0.0,1,0.0,1,0
1485,1486,S10,14,S10E14,4.0,0.0,Asia O'Hara,FINALE,0.0,1,0.0,1,0
1496,1497,S11,1,S11E1,1.0,0.0,Yvie Oddly,,0.0,1,0.0,0,0
1497,1498,S11,1,S11E1,2.0,0.0,Brooke Lynn Hytes,,0.0,1,0.0,0,0
1498,1499,S11,1,S11E1,3.0,0.0,A'Keria C. Davenport,,0.0,1,0.0,0,0
1499,1500,S11,1,S11E1,3.0,0.0,Silky Nutmeg Ganache,,0.0,1,0.0,0,0
1500,1501,S11,1,S11E1,5.0,0.0,Vanessa Vanjie Mateo,,0.0,1,0.0,0,0
1501,1502,S11,1,S11E1,6.0,1.0,Nina West,,0.0,1,0.0,0,0
1502,1503,S11,1,S11E1,7.0,0.0,Shuga Cain,,0.0,1,0.0,0,0
1503,1504,S11,1,S11E1,8.0,0.0,Plastique Tiara,,0.0,1,0.0,0,0
1504,1505,S11,1,S11E1,9.0,0.0,Ra'Jah O'Hara,,0.0,1,0.0,0,0
1505,1506,S11,1,S11E1,10.0,0.0,Scarlet Envy,,0.0,1,0.0,0,0
1506,1507,S11,1,S11E1,11.0,0.0,Ariel Versace,,0.0,1,0.0,0,0
1507,1508,S11,1,S11E1,11.0,0.0,Mercedes Iman Diamond,,0.0,1,0.0,0,0
1508,1509,S11,1,S11E1,13.0,0.0,Honey Davenport,,0.0,1,0.0,0,0
1509,1510,S11,1,S11E1,14.0,0.0,Kahanna Montrese,,0.0,1,0.0,0,0
1510,1511,S11,1,S11E1,15.0,0.0,Soju,,1.0,1,0.0,0,0
1511,1512,S11,2,S11E2,1.0,0.0,Yvie Oddly,,0.0,1,0.0,0,0
1512,1513,S11,2,S11E2,2.0,0.0,Brooke Lynn Hytes,,0.0,1,0.0,0,0
1513,1514,S11,2,S11E2,3.0,0.0,A'Keria C. Davenport,,0.0,1,0.0,0,0
1514,1515,S11,2,S11E2,3.0,0.0,Silky Nutmeg Ganache,,0.0,1,0.0,0,0
1515,1516,S11,2,S11E2,5.0,0.0,Vanessa Vanjie Mateo,,0.0,1,0.0,0,0
1516,1517,S11,2,S11E2,6.0,1.0,Nina West,,0.0,1,0.0,0,0
1517,1518,S11,2,S11E2,7.0,0.0,Shuga Cain,,0.0,1,0.0,0,0
1518,1519,S11,2,S11E2,8.0,0.0,Plastique Tiara,,0.0,1,0.0,0,0
1519,1520,S11,2,S11E2,9.0,0.0,Ra'Jah O'Hara,,0.0,1,0.0,0,0
1520,1521,S11,2,S11E2,10.0,0.0,Scarlet Envy,,0.0,1,0.0,0,0
1521,1522,S11,2,S11E2,11.0,0.0,Ariel Versace,,0.0,1,0.0,0,0
1522,1523,S11,2,S11E2,11.0,0.0,Mercedes Iman Diamond,,0.0,1,0.0,0,0
1523,1524,S11,2,S11E2,13.0,0.0,Honey Davenport,,0.0,1,0.0,0,0
1524,1525,S11,2,S11E2,14.0,0.0,Kahanna Montrese,,1.0,1,0.0,0,0
1526,1527,S11,3,S11E3,1.0,0.0,Yvie Oddly,,0.0,1,0.0,0,0
1527,1528,S11,3,S11E3,2.0,0.0,Brooke Lynn Hytes,,0.0,1,0.0,0,0
1528,1529,S11,3,S11E3,3.0,0.0,A'Keria C. Davenport,,0.0,1,0.0,0,0
1529,1530,S11,3,S11E3,3.0,0.0,Silky Nutmeg Ganache,,0.0,1,0.0,0,0
1530,1531,S11,3,S11E3,5.0,0.0,Vanessa Vanjie Mateo,,0.0,1,0.0,0,0
1531,1532,S11,3,S11E3,6.0,1.0,Nina West,,0.0,1,0.0,0,0
1532,1533,S11,3,S11E3,7.0,0.0,Shuga Cain,,0.0,1,0.0,0,0
1533,1534,S11,3,S11E3,8.0,0.0,Plastique Tiara,,0.0,1,0.0,0,0
1534,1535,S11,3,S11E3,9.0,0.0,Ra'Jah O'Hara,,0.0,1,0.0,0,0
1535,1536,S11,3,S11E3,10.0,0.0,Scarlet Envy,,0.0,1,0.0,0,0
1536,1537,S11,3,S11E3,11.0,0.0,Ariel Versace,,0.0,1,0.0,0,0
1537,1538,S11,3,S11E3,11.0,0.0,Mercedes Iman Diamond,,0.0,1,0.0,0,0
1538,1539,S11,3,S11E3,13.0,0.0,Honey Davenport,,1.0,1,0.0,0,0
1541,1542,S11,4,S11E4,1.0,0.0,Yvie Oddly,,0.0,1,0.0,0,0
1542,1543,S11,4,S11E4,2.0,0.0,Brooke Lynn Hytes,,0.0,1,0.0,0,0
1543,1544,S11,4,S11E4,3.0,0.0,A'Keria C. Davenport,,0.0,1,0.0,0,0
1544,1545,S11,4,S11E4,3.0,0.0,Silky Nutmeg Ganache,,0.0,1,0.0,0,0
1545,1546,S11,4,S11E4,5.0,0.0,Vanessa Vanjie Mateo,,0.0,1,0.0,0,0
1546,1547,S11,4,S11E4,6.0,1.0,Nina West,,0.0,1,0.0,0,0
1547,1548,S11,4,S11E4,7.0,0.0,Shuga Cain,,0.0,1,0.0,0,0
1548,1549,S11,4,S11E4,8.0,0.0,Plastique Tiara,,0.0,1,0.0,0,0
1549,1550,S11,4,S11E4,9.0,0.0,Ra'Jah O'Hara,,0.0,1,0.0,0,0
1550,1551,S11,4,S11E4,10.0,0.0,Scarlet Envy,,0.0,1,0.0,0,0
1551,1552,S11,4,S11E4,11.0,0.0,Ariel Versace,,0.0,1,0.0,0,0
1552,1553,S11,4,S11E4,11.0,0.0,Mercedes Iman Diamond,,1.0,1,0.0,0,0
1556,1557,S11,5,S11E5,1.0,0.0,Yvie Oddly,,0.0,1,0.0,0,0
1557,1558,S11,5,S11E5,2.0,0.0,Brooke Lynn Hytes,,0.0,1,0.0,0,0
1558,1559,S11,5,S11E5,3.0,0.0,A'Keria C. Davenport,,0.0,1,0.0,0,0
1559,1560,S11,5,S11E5,3.0,0.0,Silky Nutmeg Ganache,,0.0,1,0.0,0,0
1560,1561,S11,5,S11E5,5.0,0.0,Vanessa Vanjie Mateo,,0.0,1,0.0,0,0
1561,1562,S11,5,S11E5,6.0,1.0,Nina West,,0.0,1,0.0,0,0
1562,1563,S11,5,S11E5,7.0,0.0,Shuga Cain,,0.0,1,0.0,0,0
1563,1564,S11,5,S11E5,8.0,0.0,Plastique Tiara,,0.0,1,0.0,0,0
1564,1565,S11,5,S11E5,9.0,0.0,Ra'Jah O'Hara,,0.0,1,0.0,0,0
1565,1566,S11,5,S11E5,10.0,0.0,Scarlet Envy,,0.0,1,0.0,0,0
1566,1567,S11,5,S11E5,11.0,0.0,Ariel Versace,,1.0,1,0.0,0,0
1571,1572,S11,6,S11E6,1.0,0.0,Yvie Oddly,,0.0,1,0.0,0,0
1572,1573,S11,6,S11E6,2.0,0.0,Brooke Lynn Hytes,,0.0,1,0.0,0,0
1573,1574,S11,6,S11E6,3.0,0.0,A'Keria C. Davenport,,0.0,1,0.0,0,0
1574,1575,S11,6,S11E6,3.0,0.0,Silky Nutmeg Ganache,,0.0,1,0.0,0,0
1575,1576,S11,6,S11E6,5.0,0.0,Vanessa Vanjie Mateo,,0.0,1,0.0,0,0
1576,1577,S11,6,S11E6,6.0,1.0,Nina West,,0.0,1,0.0,0,0
1577,1578,S11,6,S11E6,7.0,0.0,Shuga Cain,,0.0,1,0.0,0,0
1578,1579,S11,6,S11E6,8.0,0.0,Plastique Tiara,,0.0,1,0.0,0,0
1579,1580,S11,6,S11E6,9.0,0.0,Ra'Jah O'Hara,,0.0,1,0.0,0,0
1580,1581,S11,6,S11E6,10.0,0.0,Scarlet Envy,,1.0,1,0.0,0,0
1586,1587,S11,7,S11E7,1.0,0.0,Yvie Oddly,,0.0,1,0.0,0,0
1587,1588,S11,7,S11E7,2.0,0.0,Brooke Lynn Hytes,,0.0,1,0.0,0,0
1588,1589,S11,7,S11E7,3.0,0.0,A'Keria C. Davenport,,0.0,1,0.0,0,0
1589,1590,S11,7,S11E7,3.0,0.0,Silky Nutmeg Ganache,,0.0,1,0.0,0,0
1590,1591,S11,7,S11E7,5.0,0.0,Vanessa Vanjie Mateo,,0.0,1,0.0,0,0
1591,1592,S11,7,S11E7,6.0,1.0,Nina West,,0.0,1,0.0,0,0
1592,1593,S11,7,S11E7,7.0,0.0,Shuga Cain,,0.0,1,0.0,0,0
1593,1594,S11,7,S11E7,8.0,0.0,Plastique Tiara,,0.0,1,0.0,0,0
1594,1595,S11,7,S11E7,9.0,0.0,Ra'Jah O'Hara,,1.0,1,0.0,0,0
1601,1602,S11,8,S11E8,1.0,0.0,Yvie Oddly,,0.0,1,0.0,0,0
1602,1603,S11,8,S11E8,2.0,0.0,Brooke Lynn Hytes,,0.0,1,0.0,0,0
1603,1604,S11,8,S11E8,3.0,0.0,A'Keria C. Davenport,,0.0,1,0.0,0,0
1604,1605,S11,8,S11E8,3.0,0.0,Silky Nutmeg Ganache,,0.0,1,0.0,0,0
1605,1606,S11,8,S11E8,5.0,0.0,Vanessa Vanjie Mateo,,0.0,1,0.0,0,0
1606,1607,S11,8,S11E8,6.0,1.0,Nina West,,0.0,1,0.0,0,0
1607,1608,S11,8,S11E8,7.0,0.0,Shuga Cain,,0.0,1,0.0,0,0
1608,1609,S11,8,S11E8,8.0,0.0,Plastique Tiara,,0.0,1,0.0,0,0
1616,1617,S11,9,S11E9,1.0,0.0,Yvie Oddly,,0.0,1,0.0,0,0
1617,1618,S11,9,S11E9,2.0,0.0,Brooke Lynn Hytes,,0.0,1,0.0,0,0
1618,1619,S11,9,S11E9,3.0,0.0,A'Keria C. Davenport,,0.0,1,0.0,0,0
1619,1620,S11,9,S11E9,3.0,0.0,Silky Nutmeg Ganache,,0.0,1,0.0,0,0
1620,1621,S11,9,S11E9,5.0,0.0,Vanessa Vanjie Mateo,,0.0,1,0.0,0,0
1621,1622,S11,9,S11E9,6.0,1.0,Nina West,,0.0,1,0.0,0,0
1622,1623,S11,9,S11E9,7.0,0.0,Shuga Cain,,0.0,1,0.0,0,0
1623,1624,S11,9,S11E9,8.0,0.0,Plastique Tiara,,1.0,1,0.0,0,0
1631,1632,S11,10,S11E10,1.0,0.0,Yvie Oddly,,0.0,1,0.0,0,0
1632,1633,S11,10,S11E10,2.0,0.0,Brooke Lynn Hytes,,0.0,1,0.0,0,0
1633,1634,S11,10,S11E10,3.0,0.0,A'Keria C. Davenport,,0.0,1,0.0,0,0
1634,1635,S11,10,S11E10,3.0,0.0,Silky Nutmeg Ganache,,0.0,1,0.0,0,0
1635,1636,S11,10,S11E10,5.0,0.0,Vanessa Vanjie Mateo,,0.0,1,0.0,0,0
1636,1637,S11,10,S11E10,6.0,1.0,Nina West,,0.0,1,0.0,0,0
1637,1638,S11,10,S11E10,7.0,0.0,Shuga Cain,,1.0,1,0.0,0,0
1646,1647,S11,11,S11E11,1.0,0.0,Yvie Oddly,,0.0,1,0.0,0,0
1647,1648,S11,11,S11E11,2.0,0.0,Brooke Lynn Hytes,,0.0,1,0.0,0,0
1648,1649,S11,11,S11E11,3.0,0.0,A'Keria C. Davenport,,0.0,1,0.0,0,0
1649,1650,S11,11,S11E11,3.0,0.0,Silky Nutmeg Ganache,,0.0,1,0.0,0,0
1650,1651,S11,11,S11E11,5.0,0.0,Vanessa Vanjie Mateo,,0.0,1,0.0,0,0
1651,1652,S11,11,S11E11,6.0,1.0,Nina West,,1.0,1,0.0,0,0
1661,1662,S11,12,S11E12,1.0,0.0,Yvie Oddly,,0.0,1,0.0,0,0
1662,1663,S11,12,S11E12,2.0,0.0,Brooke Lynn Hytes,,0.0,1,0.0,0,0
1663,1664,S11,12,S11E12,3.0,0.0,A'Keria C. Davenport,,0.0,1,0.0,0,0
1664,1665,S11,12,S11E12,3.0,0.0,Silky Nutmeg Ganache,,0.0,1,0.0,0,0
1665,1666,S11,12,S11E12,5.0,0.0,Vanessa Vanjie Mateo,,1.0,1,0.0,0,0
1691,1692,S11,14,S11E14,1.0,0.0,Yvie Oddly,QUEEN SUPREME,0.0,1,0.0,1,0
1692,1693,S11,14,S11E14,2.0,0.0,Brooke Lynn Hytes,FINALE,0.0,1,0.0,1,0
1693,1694,S11,14,S11E14,3.0,0.0,A'Keria C. Davenport,FINALE,0.0,1,0.0,1,0
1694,1695,S11,14,S11E14,3.0,0.0,Silky Nutmeg Ganache,FINALE,0.0,1,0.0,1,0
1707,1708,S12,1,S12E1,2.0,0.0,Crystal Methyd,,0.0,1,0.0,0,0
1708,1709,S12,1,S12E1,2.0,0.0,Gigi Goode,,0.0,1,0.0,0,0
1709,1710,S12,1,S12E1,4.0,0.0,Jackie Cox,,0.0,1,0.0,0,0
1710,1711,S12,1,S12E1,5.0,1.0,Heidi N Closet,,0.0,1,0.0,0,0
1711,1712,S12,1,S12E1,6.0,0.0,Widow Von'Du,,0.0,1,0.0,0,0
1713,1714,S12,1,S12E1,8.0,0.0,Brita,,0.0,1,0.0,0,0
1715,1716,S12,1,S12E1,10.0,0.0,Nicky Doll,,0.0,1,0.0,0,0
1719,1720,S12,2,S12E2,1.0,0.0,Jaida Essence Hall,,0.0,1,0.0,0,0
1725,1726,S12,2,S12E2,7.0,0.0,Jan,,0.0,1,0.0,0,0
1727,1728,S12,2,S12E2,9.0,0.0,Aiden Zhane,,0.0,1,0.0,0,0
1729,1730,S12,2,S12E2,11.0,0.0,Rock M. Sakura,,0.0,1,0.0,0,0
1730,1731,S12,2,S12E2,12.0,0.0,Dahlia Sin,,0.0,1,0.0,0,0
1731,1732,S12,2,S12E2,,,Sherry Pie,,0.0,1,0.0,0,0
1732,1733,S12,3,S12E3,1.0,0.0,Jaida Essence Hall,,0.0,1,0.0,0,0
1733,1734,S12,3,S12E3,2.0,0.0,Crystal Methyd,,0.0,1,0.0,0,0
1734,1735,S12,3,S12E3,2.0,0.0,Gigi Goode,,0.0,1,0.0,0,0
1735,1736,S12,3,S12E3,4.0,0.0,Jackie Cox,,0.0,1,0.0,0,0
1736,1737,S12,3,S12E3,5.0,1.0,Heidi N Closet,,0.0,1,0.0,0,0
1737,1738,S12,3,S12E3,6.0,0.0,Widow Von'Du,,0.0,1,0.0,0,0
1738,1739,S12,3,S12E3,7.0,0.0,Jan,,0.0,1,0.0,0,0
1739,1740,S12,3,S12E3,8.0,0.0,Brita,,0.0,1,0.0,0,0
1740,1741,S12,3,S12E3,9.0,0.0,Aiden Zhane,,0.0,1,0.0,0,0
1741,1742,S12,3,S12E3,10.0,0.0,Nicky Doll,,0.0,1,0.0,0,0
1742,1743,S12,3,S12E3,11.0,0.0,Rock M. Sakura,,0.0,1,0.0,0,0
1743,1744,S12,3,S12E3,12.0,0.0,Dahlia Sin,,1.0,1,0.0,0,0
1744,1745,S12,3,S12E3,,,Sherry Pie,,0.0,1,0.0,0,0
1745,1746,S12,4,S12E4,1.0,0.0,Jaida Essence Hall,,0.0,1,0.0,0,0
1746,1747,S12,4,S12E4,2.0,0.0,Crystal Methyd,,0.0,1,0.0,0,0
1747,1748,S12,4,S12E4,2.0,0.0,Gigi Goode,,0.0,1,0.0,0,0
1748,1749,S12,4,S12E4,4.0,0.0,Jackie Cox,,0.0,1,0.0,0,0
1749,1750,S12,4,S12E4,5.0,1.0,Heidi N Closet,,0.0,1,0.0,0,0
1750,1751,S12,4,S12E4,6.0,0.0,Widow Von'Du,,0.0,1,0.0,0,0
1751,1752,S12,4,S12E4,7.0,0.0,Jan,,0.0,1,0.0,0,0
1752,1753,S12,4,S12E4,8.0,0.0,Brita,,0.0,1,0.0,0,0
1753,1754,S12,4,S12E4,9.0,0.0,Aiden Zhane,,0.0,1,0.0,0,0
1754,1755,S12,4,S12E4,10.0,0.0,Nicky Doll,,0.0,1,0.0,0,0
1755,1756,S12,4,S12E4,11.0,0.0,Rock M. Sakura,,1.0,1,0.0,0,0
1757,1758,S12,4,S12E4,,,Sherry Pie,,0.0,1,0.0,0,0
1758,1759,S12,5,S12E5,1.0,0.0,Jaida Essence Hall,,0.0,1,0.0,0,0
1759,1760,S12,5,S12E5,2.0,0.0,Crystal Methyd,,0.0,1,0.0,0,0
1760,1761,S12,5,S12E5,2.0,0.0,Gigi Goode,,0.0,1,0.0,0,0
1761,1762,S12,5,S12E5,4.0,0.0,Jackie Cox,,0.0,1,0.0,0,0
1762,1763,S12,5,S12E5,5.0,1.0,Heidi N Closet,,0.0,1,0.0,0,0
1763,1764,S12,5,S12E5,6.0,0.0,Widow Von'Du,,0.0,1,0.0,0,0
1764,1765,S12,5,S12E5,7.0,0.0,Jan,,0.0,1,0.0,0,0
1765,1766,S12,5,S12E5,8.0,0.0,Brita,,0.0,1,0.0,0,0
1766,1767,S12,5,S12E5,9.0,0.0,Aiden Zhane,,0.0,1,0.0,0,0
1767,1768,S12,5,S12E5,10.0,0.0,Nicky Doll,,1.0,1,0.0,0,0
1770,1771,S12,5,S12E5,,,Sherry Pie,,0.0,1,0.0,0,0
1771,1772,S12,6,S12E6,1.0,0.0,Jaida Essence Hall,,0.0,1,0.0,0,0
1772,1773,S12,6,S12E6,2.0,0.0,Crystal Methyd,,0.0,1,0.0,0,0
1773,1774,S12,6,S12E6,2.0,0.0,Gigi Goode,,0.0,1,0.0,0,0
1774,1775,S12,6,S12E6,4.0,0.0,Jackie Cox,,0.0,1,0.0,0,0
1775,1776,S12,6,S12E6,5.0,1.0,Heidi N Closet,,0.0,1,0.0,0,0
1776,1777,S12,6,S12E6,6.0,0.0,Widow Von'Du,,0.0,1,0.0,0,0
1777,1778,S12,6,S12E6,7.0,0.0,Jan,,0.0,1,0.0,0,0
1778,1779,S12,6,S12E6,8.0,0.0,Brita,,0.0,1,0.0,0,0
1779,1780,S12,6,S12E6,9.0,0.0,Aiden Zhane,,1.0,1,0.0,0,0
1783,1784,S12,6,S12E6,,,Sherry Pie,,0.0,1,0.0,0,0
1784,1785,S12,7,S12E7,1.0,0.0,Jaida Essence Hall,,0.0,1,0.0,0,0
1785,1786,S12,7,S12E7,2.0,0.0,Crystal Methyd,,0.0,1,0.0,0,0
1786,1787,S12,7,S12E7,2.0,0.0,Gigi Goode,,0.0,1,0.0,0,0
1787,1788,S12,7,S12E7,4.0,0.0,Jackie Cox,,0.0,1,0.0,0,0
1788,1789,S12,7,S12E7,5.0,1.0,Heidi N Closet,,0.0,1,0.0,0,0
1789,1790,S12,7,S12E7,6.0,0.0,Widow Von'Du,,0.0,1,0.0,0,0
1790,1791,S12,7,S12E7,7.0,0.0,Jan,,0.0,1,0.0,0,0
1791,1792,S12,7,S12E7,8.0,0.0,Brita,,1.0,1,0.0,0,0
1796,1797,S12,7,S12E7,,,Sherry Pie,,0.0,1,0.0,0,0
1797,1798,S12,8,S12E8,1.0,0.0,Jaida Essence Hall,,0.0,1,0.0,0,0
1798,1799,S12,8,S12E8,2.0,0.0,Crystal Methyd,,0.0,1,0.0,0,0
1799,1800,S12,8,S12E8,2.0,0.0,Gigi Goode,,0.0,1,0.0,0,0
1800,1801,S12,8,S12E8,4.0,0.0,Jackie Cox,,0.0,1,0.0,0,0
1801,1802,S12,8,S12E8,5.0,1.0,Heidi N Closet,,0.0,1,0.0,0,0
1802,1803,S12,8,S12E8,6.0,0.0,Widow Von'Du,,0.0,1,0.0,0,0
1803,1804,S12,8,S12E8,7.0,0.0,Jan,,1.0,1,0.0,0,0
1809,1810,S12,8,S12E8,,,Sherry Pie,,0.0,1,0.0,0,0
1810,1811,S12,9,S12E9,1.0,0.0,Jaida Essence Hall,,0.0,1,0.0,0,0
1811,1812,S12,9,S12E9,2.0,0.0,Crystal Methyd,,0.0,1,0.0,0,0
1812,1813,S12,9,S12E9,2.0,0.0,Gigi Goode,,0.0,1,0.0,0,0
1813,1814,S12,9,S12E9,4.0,0.0,Jackie Cox,,0.0,1,0.0,0,0
1814,1815,S12,9,S12E9,5.0,1.0,Heidi N Closet,,0.0,1,0.0,0,0
1815,1816,S12,9,S12E9,6.0,0.0,Widow Von'Du,,1.0,1,0.0,0,0
1822,1823,S12,9,S12E9,,,Sherry Pie,,0.0,1,0.0,0,0
1823,1824,S12,10,S12E10,1.0,0.0,Jaida Essence Hall,,0.0,1,0.0,0,0
1824,1825,S12,10,S12E10,2.0,0.0,Crystal Methyd,,0.0,1,0.0,0,0
1825,1826,S12,10,S12E10,2.0,0.0,Gigi Goode,,0.0,1,0.0,0,0
1826,1827,S12,10,S12E10,4.0,0.0,Jackie Cox,,0.0,1,0.0,0,0
1827,1828,S12,10,S12E10,5.0,1.0,Heidi N Closet,,0.0,1,0.0,0,0
1835,1836,S12,10,S12E10,,,Sherry Pie,,0.0,1,0.0,0,0
1836,1837,S12,11,S12E11,1.0,0.0,Jaida Essence Hall,,0.0,1,0.0,0,0
1837,1838,S12,11,S12E11,2.0,0.0,Crystal Methyd,,0.0,1,0.0,0,0
1838,1839,S12,11,S12E11,2.0,0.0,Gigi Goode,,0.0,1,0.0,0,0
1839,1840,S12,11,S12E11,4.0,0.0,Jackie Cox,,0.0,1,0.0,0,0
1840,1841,S12,11,S12E11,5.0,1.0,Heidi N Closet,,1.0,1,0.0,0,0
1848,1849,S12,11,S12E11,,,Sherry Pie,,0.0,1,0.0,0,0
1849,1850,S12,12,S12E12,1.0,0.0,Jaida Essence Hall,,0.0,1,0.0,0,0
1850,1851,S12,12,S12E12,2.0,0.0,Crystal Methyd,,0.0,1,0.0,0,0
1851,1852,S12,12,S12E12,2.0,0.0,Gigi Goode,,0.0,1,0.0,0,0
1852,1853,S12,12,S12E12,4.0,0.0,Jackie Cox,,1.0,1,0.0,0,0
1861,1862,S12,12,S12E12,,,Sherry Pie,,0.0,1,0.0,0,0
1874,1875,S12,13,S12E13,,,Sherry Pie,,0.0,1,0.0,0,0
1875,1876,S12,14,S12E14,1.0,0.0,Jaida Essence Hall,QUEEN SUPREME,0.0,1,0.0,1,0
1876,1877,S12,14,S12E14,2.0,0.0,Crystal Methyd,FINALE,0.0,1,0.0,1,0
1877,1878,S12,14,S12E14,2.0,0.0,Gigi Goode,FINALE,0.0,1,0.0,1,0
